Feature_Name,Mean_Importance,Std_Importance,Min_Importance,Max_Importance,max_features
Edge218,0.056413282578629376,0.0036105583224316736,0.05344096805060195,0.06136006678246574,2
Edge20,0.046094137263755434,,0.046094137263755434,0.046094137263755434,2
Edge67,0.04529841801577647,,0.04529841801577647,0.04529841801577647,2
Edge323,0.04459553264176686,0.009284516721690365,0.025392538711918808,0.06164025486758238,2
Edge139,0.04396349781754293,0.009235583587464033,0.02878770579910734,0.05652487075532344,2
Edge4,0.041675273551202666,0.008828102806679547,0.02897308010301878,0.06343902286535609,2
Edge116,0.04079318794014051,0.0061872097739966055,0.024677047071444257,0.055235550814019506,2
Edge80,0.04074566367978963,0.011550061585907413,0.024779942409331797,0.06858408603266428,2
Edge134,0.04029224331007686,,0.04029224331007686,0.04029224331007686,2
Edge204,0.040000422482264104,0.0074270660513659935,0.02937576274609053,0.059358891439331554,2
Edge65,0.03932883737194099,,0.03932883737194099,0.03932883737194099,2
Edge251,0.03863755444927077,0.009883883801332495,0.022890493007148235,0.06708302370435008,2
Edge259,0.038260873622950775,0.008603331634307026,0.02241905194192174,0.0543586576767503,2
Edge300,0.03787239748571396,0.010203970753054563,0.019285591985210564,0.04933556528472162,2
Edge117,0.037808317283788515,0.0070455709326156715,0.02355239411690679,0.054174461500240856,2
Edge6,0.03756987489481075,0.00846839013410657,0.022953440507652426,0.05915760978796873,2
Edge201,0.037069860517354704,0.007808720494208392,0.020642160859863864,0.05011070189846537,2
Edge232,0.03698838270840045,0.008444363850268411,0.017404993850723877,0.056222882424281015,2
Edge89,0.03657504586375163,,0.03657504586375163,0.03657504586375163,2
Edge54,0.03645768714494051,0.009789106671050733,0.017099437989385315,0.05607537797808029,2
Edge153,0.03631885587400843,0.0055350088967556265,0.03200803103781587,0.044438960203465716,2
Edge268,0.036236054249923,0.012750694616757789,0.02726969364832057,0.05510796412061376,2
Edge15,0.03618857987631153,,0.03618857987631153,0.03618857987631153,2
Edge211,0.03618037316197712,,0.03618037316197712,0.03618037316197712,2
Edge28,0.036073448903088626,0.010640275431572251,0.020996742364789957,0.04480303885371878,2
Edge135,0.03585749388387487,0.009075367902099469,0.020030798701333615,0.055077469996820665,2
Edge76,0.03560060232429787,0.008364034985600599,0.015562463425171072,0.057266655195671305,2
Edge149,0.03553740565556958,,0.03553740565556958,0.03553740565556958,2
Edge306,0.03550463379148512,0.0038563372301883255,0.03277779158547681,0.038231475997493436,2
Edge270,0.035394080070479686,0.011207324429666944,0.027469304967304535,0.043318855173654844,2
Edge281,0.035291027290459555,0.011048128343678302,0.023733130971772563,0.04574677076425173,2
Edge68,0.03511687651834116,0.00686711091644519,0.0201305136286674,0.05057211086817608,2
Edge136,0.03508505030363722,0.00965577262822613,0.019508043276791825,0.05226595802725448,2
Edge34,0.035041447806433944,0.004650904286160709,0.030322935393886686,0.04087471656685889,2
Edge74,0.03478567142477589,0.010596545495436847,0.016283370504080998,0.06211380242825465,2
Edge92,0.03460647661007894,,0.03460647661007894,0.03460647661007894,2
Edge280,0.03453281677462823,0.00547837744276903,0.02867047997036779,0.04701309487925307,2
Edge93,0.03447150910558971,,0.03447150910558971,0.03447150910558971,2
Edge49,0.03437890476141325,0.0050425301671664854,0.02794455073621041,0.043343148689635326,2
Edge145,0.03421075753002344,,0.03421075753002344,0.03421075753002344,2
Edge277,0.03419984312879147,,0.03419984312879147,0.03419984312879147,2
Edge194,0.03417484713843211,0.004025056787958002,0.03132870218900606,0.037020992087858154,2
Edge260,0.033969458284418094,0.008225131052979232,0.022004000420959815,0.04913743655836246,2
Edge311,0.03385638002386335,0.0020197973460291765,0.031563658456184536,0.03537308143314347,2
Edge265,0.03374624818846928,,0.03374624818846928,0.03374624818846928,2
Edge22,0.03361653797072158,,0.03361653797072158,0.03361653797072158,2
Edge237,0.03348085077794672,,0.03348085077794672,0.03348085077794672,2
Edge112,0.03343970859083342,0.00790770734148518,0.020956354088226836,0.041937135357993344,2
Edge295,0.03335283559843522,0.0073671567758725595,0.027005687314028744,0.042802178331889824,2
Edge315,0.03310654407849911,0.0011567902527441158,0.03228856984637325,0.03392451831062498,2
Edge284,0.03305938469895611,0.007469488889674535,0.020063777802144748,0.04483192686502843,2
Edge263,0.03303357631523003,0.007137550936925534,0.025827812675781096,0.04283145203586511,2
Edge39,0.0329789181195794,0.007208348569956012,0.01888852583046253,0.047340695156175595,2
Edge301,0.03284860141433351,0.007554160652123787,0.021489518713886317,0.044343977936941295,2
Edge75,0.03273331682394377,0.008968040317615012,0.016712922789942693,0.04901276329558664,2
Edge163,0.03246271482290028,,0.03246271482290028,0.03246271482290028,2
Edge249,0.03244871838003342,0.005933493969815386,0.026069661944624727,0.03780321309522421,2
Edge294,0.032431393008381,,0.032431393008381,0.032431393008381,2
Edge21,0.03230943753543292,0.005796050580192838,0.01923971422796311,0.042697482604367384,2
Edge296,0.03222776692968087,0.007235277576464444,0.021272442122051333,0.04584002458085608,2
Edge258,0.03212439474338224,,0.03212439474338224,0.03212439474338224,2
Edge187,0.03205645973493587,,0.03205645973493587,0.03205645973493587,2
Edge266,0.031871395994243566,0.006180748230274502,0.012785462480670627,0.04316418323124581,2
Edge111,0.03183014838205039,0.008079320067003444,0.023572908841381877,0.03971894223360747,2
Edge35,0.031802159060451106,,0.031802159060451106,0.031802159060451106,2
Edge1,0.031791316521524705,0.007875067494292898,0.019533069049432212,0.04469121708942663,2
Edge98,0.031691033144234305,,0.031691033144234305,0.031691033144234305,2
Edge178,0.031451703743300974,0.007474949615460075,0.020100903249301052,0.0425113509696745,2
Edge170,0.03138843265297908,0.009661656916192946,0.016825642500802655,0.045284747911622056,2
Edge290,0.03133027282041615,0.006416105542338719,0.015569322899547914,0.038469400439343805,2
Edge238,0.03132203647140386,0.005331174116125979,0.02338258688069831,0.038068763847352256,2
Edge101,0.031038116598385106,0.007723234305032545,0.01519772469357863,0.04983971279730767,2
Edge247,0.03093335750524327,0.002420683603684842,0.029221675713970628,0.03264503929651591,2
Edge165,0.030910982874546772,0.00631301097235587,0.017900958136276183,0.04224983178006816,2
Edge171,0.030810784735402903,0.007903222748838657,0.01503860787730907,0.04451555504994885,2
Edge164,0.030706906008966812,0.005668134117077232,0.026698929938106675,0.034714882079826946,2
Edge86,0.030553764761603867,0.006261611279270398,0.02078464792121269,0.03732459794289786,2
Edge41,0.03052334726795994,0.010418863188861626,0.020548542385580095,0.0467617136809496,2
Edge188,0.03051457299160945,0.006093803663145734,0.024563326273377203,0.04052860762074712,2
Edge191,0.030431369459126514,0.005257816807311956,0.023163274935947834,0.03852307641375596,2
Edge233,0.030393534844853732,0.014637657957294407,0.016935339164317265,0.04597806927757953,2
Edge152,0.030376648315220023,0.0077429977565116066,0.012460239994261461,0.051442750920469696,2
Edge115,0.030142509513645645,0.004759947472902694,0.022677037227732694,0.03633898126882983,2
Edge69,0.029764740739502332,0.006162510883297987,0.020899210605917228,0.03906969063359941,2
Edge11,0.02975577086257404,0.006762341733842694,0.021775365823399062,0.03618474027458747,2
Edge79,0.02972004674898391,0.008542404104336892,0.0210704871083385,0.04217548616829828,2
Edge70,0.029632671850374926,0.007095189077670766,0.016688702418661158,0.04486188224104083,2
Edge203,0.029519366258715582,,0.029519366258715582,0.029519366258715582,2
Edge58,0.02944735376793682,0.005985088227703688,0.015909296340666595,0.040765514405802845,2
Edge168,0.029427445424478768,0.007778827466359035,0.02112137276609656,0.052093686327149974,2
Edge45,0.029423648957752974,0.007048443639612002,0.014818725275821176,0.038768571425182176,2
Edge140,0.029272888214842023,0.006149143223939379,0.023295965813724707,0.03862332653888866,2
Edge71,0.02924913484175783,,0.02924913484175783,0.02924913484175783,2
Edge133,0.029186397427480575,0.006005417586942933,0.01994062814514715,0.038190740436336704,2
Edge175,0.029148893693107785,0.011140772962386483,0.01413200510058326,0.046940929036257226,2
Edge118,0.029096770775899245,,0.029096770775899245,0.029096770775899245,2
Edge119,0.028962435444364176,,0.028962435444364176,0.028962435444364176,2
Edge179,0.02888333270368198,0.00811128230487204,0.014391501225584817,0.038959186073663096,2
Edge202,0.028835971173972075,0.007353817840626064,0.01938282829989229,0.04506199775646091,2
Edge321,0.028828977350217513,0.00103776982820406,0.028095163267383625,0.029562791433051405,2
Edge197,0.028611352134426265,,0.028611352134426265,0.028611352134426265,2
Edge132,0.028561821818160058,0.0051051338409785815,0.02131065971189822,0.036343588042192516,2
Edge24,0.02844161831043248,0.004828839074995403,0.023359383410537646,0.03297731171428327,2
Edge231,0.028403037083291543,,0.028403037083291543,0.028403037083291543,2
Edge18,0.028359543770783913,0.008972038113015167,0.02253719449335455,0.041679111918823196,2
Edge97,0.028194356080775508,0.00571339454276061,0.019184753005239197,0.039785343635972165,2
Edge254,0.028099663667616792,0.007249971573093292,0.01546248082969538,0.033470164522912245,2
Edge216,0.0277599218487415,0.0031901825911760905,0.02310109505950936,0.03376279874689438,2
Edge318,0.027756413731911605,0.005239450791490862,0.018273586172677398,0.03412256818666495,2
Edge48,0.027692797222634857,0.0024885301776010455,0.025637719398109136,0.03200069700732885,2
Edge224,0.027588236482050207,0.0014249868765453487,0.026580618598543153,0.02859585436555726,2
Edge127,0.027454174991610302,0.009099651175834528,0.019674715792445233,0.03853103433211764,2
Edge60,0.02745319426115713,0.002709330606620713,0.02398984448140747,0.03063156392478825,2
Edge156,0.027364520696519023,0.007873528201344484,0.015480032441829664,0.03892559047622876,2
Edge316,0.027351976542083187,0.0071653462215150576,0.015286366016562858,0.03920551183369084,2
Edge12,0.0270653069039119,,0.0270653069039119,0.0270653069039119,2
Edge10,0.026992582635772117,0.00259232991157536,0.02275730490295049,0.029854438375439562,2
Edge14,0.02697327115425409,5.285854207342164e-07,0.02697289738791865,0.026973644920589526,2
Edge269,0.026812670349988906,0.007503759524391128,0.016808236015784985,0.033839259551077534,2
Edge130,0.026701187537287306,0.00551402590165323,0.02280218243059004,0.030600192643984572,2
Edge150,0.026645623884913913,0.0014361238234877286,0.025630130990702188,0.02766111677912564,2
Edge147,0.02651318211046423,0.004688637604658689,0.019601724626390402,0.03443220379423639,2
Edge123,0.02647276730036517,,0.02647276730036517,0.02647276730036517,2
Edge206,0.02643210875249348,,0.02643210875249348,0.02643210875249348,2
Edge317,0.026353633843600885,0.006645794630434057,0.014971348913828352,0.03757390771688233,2
Edge230,0.026237443981063008,0.004835771205245151,0.02015040518931182,0.034984140419851074,2
Edge103,0.025974810631837337,0.005399719796851013,0.021528502975758333,0.034916544761103646,2
Edge131,0.025960331745219684,0.005724165932577253,0.02123770437491834,0.039149123840481824,2
Edge209,0.02587180135689708,0.002091173880809937,0.024393118125136184,0.027350484588657974,2
Edge5,0.02585715722201166,,0.02585715722201166,0.02585715722201166,2
Edge244,0.025803942316471085,0.005210783314612489,0.01817053443197148,0.03636409410454638,2
Edge90,0.025756524528783548,,0.025756524528783548,0.025756524528783548,2
Edge305,0.02555957443289756,0.0047050192570993535,0.0204122507226122,0.034230031577726396,2
Edge114,0.0254010712330758,,0.0254010712330758,0.0254010712330758,2
Edge32,0.025261289396355177,,0.025261289396355177,0.025261289396355177,2
Edge227,0.024945843929438695,0.00675618935093453,0.02016849662441255,0.029723191234464843,2
Edge320,0.024579938305514554,0.004638948903480219,0.019886219967973025,0.030585205422066178,2
Edge40,0.024236963513977763,0.0007164347594222099,0.023730367637312566,0.02474355939064296,2
Edge189,0.023931442007248255,,0.023931442007248255,0.023931442007248255,2
Edge64,0.023330253534572208,0.00741092687213791,0.016052107687853867,0.03470735451325938,2
Edge59,0.023270366206770934,0.005055957645078993,0.01922622158229594,0.028938858462059455,2
Edge181,0.022689126244147893,,0.022689126244147893,0.022689126244147893,2
Edge169,0.022649419635226795,0.0036420357894582727,0.017960209399347466,0.029638662965883474,2
Edge185,0.02264492854931826,0.0048958191693094155,0.010880856357193805,0.030611686909240918,2
Edge52,0.02066217211258516,0.0004193276151288664,0.020365662712388755,0.020958681512781564,2
Edge109,0.020111328026524388,,0.020111328026524388,0.020111328026524388,2
Edge325,0.019564075264017364,,0.019564075264017364,0.019564075264017364,2
Edge257,0.019410869381314675,0.004613632606456334,0.016148538479386035,0.022673200283243315,2
Edge7,0.01939740194399579,,0.01939740194399579,0.01939740194399579,2
Edge126,0.0188292845573394,0.005720689774830972,0.014784146024491875,0.022874423090186925,2
Edge20,0.07079091525593627,,0.07079091525593627,0.07079091525593627,3
Edge218,0.059651953690652515,0.01008763224079157,0.05345764851615634,0.0747114114941033,3
Edge67,0.048329778769312104,,0.048329778769312104,0.048329778769312104,3
Edge139,0.045999891014685004,0.013140578498196118,0.028452728357697236,0.06655760938737165,3
Edge323,0.045379853171670675,0.01053925037474219,0.022535628619509376,0.07472405461690562,3
Edge116,0.043603849325137306,0.009339481259373953,0.024129059030165094,0.06781430023370165,3
Edge4,0.04295934857350859,0.013312468993824673,0.022531271714152427,0.0742300884040119,3
Edge204,0.04256616653585521,0.01231593550407393,0.022142967741991613,0.0895314949705345,3
Edge300,0.04209091899144057,0.009282500099966257,0.024965428452705538,0.05420085365998777,3
Edge251,0.04162714852470758,0.01226175197923351,0.022949310178291146,0.06634074384134912,3
Edge6,0.041295247679995116,0.010078628317293465,0.026024324900760006,0.06701450848882931,3
Edge117,0.04128986017936757,0.010098495603267579,0.02862577596345403,0.0718728938320332,3
Edge35,0.04072978446625853,,0.04072978446625853,0.04072978446625853,3
Edge80,0.04071830612226552,0.010437220943883113,0.02036452749737117,0.06661700318147544,3
Edge201,0.03999568471241003,0.01172399700865288,0.022873336240301453,0.0685784908125685,3
Edge74,0.039649482822369526,0.011082328582928139,0.018393012195513467,0.06475078932109724,3
Edge232,0.03962329848462414,0.0112275883718824,0.02142599751242799,0.07142050456834242,3
Edge311,0.03910786741631443,0.0058003501565439914,0.032419352602058714,0.04275525701099625,3
Edge259,0.03908435694726706,0.008622721612410822,0.020254379779289306,0.05683700766486196,3
Edge247,0.03871345591131595,0.01196827689779644,0.03025060615776579,0.04717630566486611,3
Edge178,0.038445214127087145,0.008350291438691157,0.029721978796234477,0.05439464653989112,3
Edge54,0.03810560477784352,0.012457882546390193,0.01764228261523723,0.06668452545347434,3
Edge114,0.03806392242629398,,0.03806392242629398,0.03806392242629398,3
Edge135,0.036930609542075145,0.012690395038001382,0.017564109683673397,0.059659871451225276,3
Edge203,0.036320572118439025,,0.036320572118439025,0.036320572118439025,3
Edge68,0.036316706794548,0.010220485214776946,0.01789063303510461,0.07236151689809232,3
Edge268,0.03612587981266871,0.015527402818999819,0.01911729230292112,0.05613679982172499,3
Edge145,0.03605918052439063,,0.03605918052439063,0.03605918052439063,3
Edge153,0.03605582917133569,0.00431014990159142,0.03042688454832613,0.03953941578384547,3
Edge136,0.035513127585826934,0.009899921884187065,0.015654481486090034,0.057465184492707516,3
Edge41,0.035440380444169556,0.01198950410848256,0.020849909177007898,0.060360770705882597,3
Edge149,0.034542326955338834,,0.034542326955338834,0.034542326955338834,3
Edge238,0.034509554876171154,0.003440137325248367,0.029819329697629605,0.03813292230733689,3
Edge76,0.03448270805111242,0.010962082127393215,0.013370904993287235,0.05981666583524074,3
Edge1,0.03447788938043378,0.00790108897513851,0.01852195763331046,0.05088132603585766,3
Edge39,0.0339316024127395,0.008190610556831655,0.011128540064242493,0.04915832963813143,3
Edge260,0.03384158881647854,0.007502658583812042,0.020596719077575605,0.058257701853267216,3
Edge10,0.03356543772754105,0.00934950281117793,0.021871767347211087,0.04639498731929229,3
Edge93,0.033488354610979376,,0.033488354610979376,0.033488354610979376,3
Edge258,0.033470872346762014,,0.033470872346762014,0.033470872346762014,3
Edge306,0.03343500231583772,0.01538588423020037,0.022555539242111875,0.044314465389563566,3
Edge249,0.03342217163586414,0.0016038381607382942,0.0318294700760419,0.035036919111666225,3
Edge191,0.0332741401513235,0.008701721510740418,0.022441760824499196,0.049616002755010234,3
Edge112,0.033141014405212825,0.011851837933626524,0.019921123884835055,0.05263190029038483,3
Edge79,0.03290901022781384,0.002893948485915335,0.028710869915129826,0.03577023972785108,3
Edge227,0.03284050387423322,0.00040855704047566084,0.032551610420411374,0.03312939732805507,3
Edge281,0.032715732477646156,0.00828871704981858,0.0256566662168791,0.041842588001507516,3
Edge75,0.03259804485870998,0.007970734982894393,0.017815001942974713,0.04541236193787212,3
Edge206,0.032491368251631306,,0.032491368251631306,0.032491368251631306,3
Edge301,0.03245018353033293,0.009210558065995474,0.019804729581188393,0.05119539697590747,3
Edge15,0.032404284299423984,,0.032404284299423984,0.032404284299423984,3
Edge49,0.03233116335180163,0.005834762770228534,0.020628073057410667,0.03921860934491383,3
Edge284,0.03229829481584247,0.009633989032407484,0.01790600315949029,0.04691652336907916,3
Edge134,0.03218928967540694,,0.03218928967540694,0.03218928967540694,3
Edge211,0.032124951992181495,,0.032124951992181495,0.032124951992181495,3
Edge65,0.0320931834513183,,0.0320931834513183,0.0320931834513183,3
Edge14,0.03206728237073417,0.013323984036605617,0.022645802906029022,0.04148876183543931,3
Edge280,0.0320048137793101,0.008962303651796944,0.0193072576435481,0.04738192483409826,3
Edge277,0.03199980226447669,,0.03199980226447669,0.03199980226447669,3
Edge28,0.03190465109097956,0.006342519051751291,0.023145449349561507,0.03701751850754066,3
Edge187,0.0317532163319758,,0.0317532163319758,0.0317532163319758,3
Edge194,0.031592111770849425,0.0035309185218813685,0.029095375340209926,0.03408884820148892,3
Edge5,0.031590596635474186,,0.031590596635474186,0.031590596635474186,3
Edge34,0.03136122163270884,0.007774532635903013,0.02372454919967243,0.042192230994879204,3
Edge296,0.031070560688498044,0.007635032626552185,0.022381785644428796,0.05232561623938712,3
Edge98,0.031037906262592098,,0.031037906262592098,0.031037906262592098,3
Edge170,0.031030939451940433,0.014066637584368148,0.018903369754822603,0.06295503163185202,3
Edge89,0.03080328577486756,,0.03080328577486756,0.03080328577486756,3
Edge168,0.03078129501607677,0.007242384197342146,0.014755024173323646,0.04232846783631981,3
Edge21,0.030771517338779416,0.006272545052743669,0.01873940621203385,0.05041727731586782,3
Edge111,0.030711836143077875,0.00806833763952355,0.022607597393404018,0.0387437869190631,3
Edge254,0.030690211877539914,0.008515538650766428,0.02379225382045164,0.04464160343158741,3
Edge179,0.03030416626147981,0.00848937770435321,0.02373351337590638,0.05179450501468442,3
Edge71,0.030194245565896383,,0.030194245565896383,0.030194245565896383,3
Edge197,0.030160368749861256,,0.030160368749861256,0.030160368749861256,3
Edge92,0.030148256527272765,,0.030148256527272765,0.030148256527272765,3
Edge266,0.029724662297190438,0.007761613120361064,0.015265877692790893,0.044054646492664176,3
Edge165,0.029693259195380666,0.00546374049738962,0.018119783059439804,0.03989772173067429,3
Edge140,0.02941090731596166,0.004825996681662768,0.02294645768075188,0.03713877316250868,3
Edge132,0.02925675139584259,0.0059969421878427204,0.022390999360430933,0.03691939435099253,3
Edge171,0.02921283294811306,0.007842787385115067,0.014577846202334266,0.04528274090621766,3
Edge130,0.029196590484993276,0.0006284582563625662,0.02875220339022663,0.02964097757975992,3
Edge152,0.028957535091841742,0.009889074398755417,0.01591423029517647,0.06644720317389281,3
Edge58,0.028954994910606317,0.005699291937662865,0.01828133473237082,0.04250731054457437,3
Edge97,0.02894746824737913,0.00763614136774327,0.015971963166318316,0.046443869544848394,3
Edge231,0.02887600067360409,,0.02887600067360409,0.02887600067360409,3
Edge269,0.028836464835456353,0.006695743097224028,0.02089625180461126,0.03685683259153501,3
Edge216,0.028648475317991914,0.006932551813182536,0.020266082957462093,0.043189631014743095,3
Edge69,0.028598160089043333,0.005677890515295783,0.02274341385354834,0.03706201482737225,3
Edge290,0.028097796020540643,0.007830170907628314,0.01714283150897032,0.04205495191246063,3
Edge181,0.028079620243094766,,0.028079620243094766,0.028079620243094766,3
Edge315,0.027892431650941345,0.0015709407119567417,0.02678160882067471,0.029003254481207982,3
Edge318,0.02756663592944178,0.004053972232512171,0.020169347501184355,0.03498112662689448,3
Edge233,0.027462710881224307,0.008558660338370654,0.020275570797613936,0.03693075365268955,3
Edge263,0.0273267736391913,0.007099770983525032,0.020662807516201705,0.03732264975138685,3
Edge12,0.027260841200045172,,0.027260841200045172,0.027260841200045172,3
Edge101,0.027122717333685133,0.006727730602526208,0.012238285410559335,0.04117698358112112,3
Edge40,0.02710359418193043,0.008035614281658289,0.021421556832370386,0.03278563153149047,3
Edge119,0.026861598853467197,,0.026861598853467197,0.026861598853467197,3
Edge45,0.02683236038435758,0.0066275943494621264,0.018321218026847944,0.04177184967070117,3
Edge115,0.02625664522566808,0.007686302488387226,0.018910260341585692,0.03875651590052272,3
Edge175,0.02614049221732971,0.007747616544067718,0.01715885511816051,0.04060689053240494,3
Edge133,0.026119256988483955,0.005166210772888751,0.01668906389162456,0.032083853552859413,3
Edge60,0.02609785177283549,0.006307061452061675,0.019409812918022226,0.033045379781082754,3
Edge24,0.02594340272938685,0.0032024897649922794,0.022883674725889768,0.029191562619597832,3
Edge164,0.025935194309749044,0.00011856589105175972,0.02585135556416892,0.02601903305532917,3
Edge70,0.025795471965327606,0.009333090774740784,0.013193177528320003,0.05837461318373697,3
Edge156,0.025481680589749832,0.007112250537219248,0.018336083949346656,0.036603321467336664,3
Edge316,0.02539308345755221,0.009224908332771753,0.010137440695844263,0.05017776465440374,3
Edge237,0.025307772986602122,,0.025307772986602122,0.025307772986602122,3
Edge48,0.02526927082972679,0.007650738014320619,0.013639759449078383,0.033992594527882454,3
Edge189,0.025186624861483212,,0.025186624861483212,0.025186624861483212,3
Edge11,0.025171977572479732,0.006552840660393259,0.015868356850270767,0.03067874521807364,3
Edge131,0.02513306302947152,0.007014043082107944,0.010119332874459784,0.036461072774043715,3
Edge103,0.024988753573943052,0.005629747634894254,0.018911459582759305,0.03535903836974682,3
Edge244,0.02489017592225542,0.00486832373321092,0.018216673893210755,0.030346158542755443,3
Edge320,0.024727344765034052,0.009166919184685714,0.012368050510345873,0.03643358743011737,3
Edge86,0.024617613369089946,0.0052022660631155905,0.017861725746946968,0.030569723887512282,3
Edge209,0.024609973333345782,0.0045783988662893675,0.02137255644801577,0.027847390218675796,3
Edge321,0.024523153394270605,0.00040732102926415434,0.024235133932358037,0.024811172856183172,3
Edge147,0.024310667667440024,0.007667671822095483,0.010268343275322039,0.037514607836981184,3
Edge150,0.02430102060753039,0.00305740026856026,0.02213911214482986,0.02646292907023092,3
Edge270,0.024258147612107157,0.006779304123895212,0.019464455694374924,0.029051839529839387,3
Edge305,0.024174035590782104,0.006193268358633508,0.01463784569829993,0.03136340300388832,3
Edge109,0.02398808971053945,,0.02398808971053945,0.02398808971053945,3
Edge317,0.02392480453016069,0.006665759098952045,0.01391503235165749,0.03657868026594715,3
Edge18,0.023749961994783086,0.004855548073081359,0.019951814776732323,0.030485391898634806,3
Edge59,0.023720767909898088,0.004744481261865913,0.02087349536067636,0.02919778323377551,3
Edge265,0.023605482479035943,,0.023605482479035943,0.023605482479035943,3
Edge188,0.023581896166401304,0.0046611546181205485,0.016339963419062853,0.0282126774244862,3
Edge295,0.02354938351592674,0.006678728451234836,0.011996787816795926,0.032105360805588117,3
Edge202,0.023513691224679847,0.006816354896503332,0.014562811509265769,0.036844079390850694,3
Edge32,0.02329731703005724,,0.02329731703005724,0.02329731703005724,3
Edge127,0.023157071387794298,0.005026517606996477,0.01741566956657,0.029854088293522228,3
Edge52,0.02257039657410017,0.009470027967701345,0.01587407558011229,0.02926671756808805,3
Edge230,0.02244465408077681,0.005907656043081731,0.015113350106553165,0.03358334144321164,3
Edge22,0.022040958631655616,,0.022040958631655616,0.022040958631655616,3
Edge169,0.021468232165046897,0.004750383287610491,0.015728373540553432,0.02863274940377369,3
Edge7,0.020753389110328938,,0.020753389110328938,0.020753389110328938,3
Edge294,0.020572576418429068,,0.020572576418429068,0.020572576418429068,3
Edge224,0.02014423043245102,0.0001641946543001995,0.020028127278960764,0.02026033358594127,3
Edge185,0.020036807316068845,0.003769533939796496,0.012844496964983857,0.025857498759212554,3
Edge123,0.019731308163270116,,0.019731308163270116,0.019731308163270116,3
Edge257,0.019312371696016056,0.006897739630599186,0.01443493322836018,0.024189810163671933,3
Edge126,0.01907207959252609,0.004208092299007522,0.01609650899203898,0.022047650193013194,3
Edge163,0.018488519015206335,,0.018488519015206335,0.018488519015206335,3
Edge64,0.018097389792650864,0.006155807323071251,0.013162385190550189,0.027009741781408508,3
Edge118,0.017693836803942393,,0.017693836803942393,0.017693836803942393,3
Edge90,0.014950259592095998,,0.014950259592095998,0.014950259592095998,3
Edge325,0.012785171429365931,,0.012785171429365931,0.012785171429365931,3
Edge20,0.06503861980584748,,0.06503861980584748,0.06503861980584748,4
Edge218,0.063701421014999,0.006429837357263783,0.05450455244493618,0.06888118172093291,4
Edge323,0.05011248260465231,0.0112610559611783,0.018631815363762794,0.07341009665633025,4
Edge114,0.04732856711522638,,0.04732856711522638,0.04732856711522638,4
Edge6,0.04538481242043793,0.01507382929245249,0.021648309155446757,0.07603521729442675,4
Edge247,0.04520525505212265,0.018073368364728164,0.032425453722540944,0.057985056381704356,4
Edge4,0.0447213699677111,0.013545911605016692,0.018189064489268256,0.0708449896426241,4
Edge251,0.04375928396177279,0.017191559413323124,0.01563732301300025,0.09619466215293618,4
Edge204,0.043431310239684995,0.011334751656913777,0.024358915502789513,0.07871451408661663,4
Edge116,0.04305690663694011,0.008741298767420767,0.02642170006017942,0.05954305218430656,4
Edge80,0.042715948673122645,0.014849050870570825,0.013803694990775543,0.0804724807119417,4
Edge300,0.04269706908526078,0.012188767999796865,0.021238454455864513,0.06197803071387999,4
Edge203,0.042105463578629376,,0.042105463578629376,0.042105463578629376,4
Edge139,0.042076082395554666,0.01470005162694204,0.02398344712775061,0.06847830778422276,4
Edge311,0.04091439443697975,0.004693134950537204,0.03550307398217878,0.04387249052859783,4
Edge89,0.040601423202773365,,0.040601423202773365,0.040601423202773365,4
Edge54,0.04030610727969978,0.013796273323430152,0.02176064879081543,0.06631231361137661,4
Edge232,0.04024046831195853,0.011069941361350217,0.016975225546571514,0.0651581448665747,4
Edge74,0.039513992413008216,0.01270066495738995,0.016727951509622044,0.0757391222263207,4
Edge67,0.039464166559764764,,0.039464166559764764,0.039464166559764764,4
Edge259,0.03869250301957945,0.011418410582982682,0.015574307035708812,0.05755139729698366,4
Edge249,0.038668200138952814,0.007120574741573144,0.03425310162754609,0.046882642393641594,4
Edge135,0.03842698506275922,0.012689539844192611,0.019626164152373823,0.05914783238046325,4
Edge117,0.03812448243215598,0.010439411278668029,0.022899840241932014,0.06545649270960333,4
Edge201,0.03805489511302657,0.011836120083270403,0.016141337967962247,0.07414659137559278,4
Edge280,0.037605420069030664,0.008292252641776129,0.027086314067840525,0.051337751870547364,4
Edge294,0.037538650720943645,,0.037538650720943645,0.037538650720943645,4
Edge136,0.03641673322543241,0.009548050897528729,0.023579301888516237,0.05939046310409737,4
Edge268,0.03612589318022632,0.019896410917178132,0.01883996252601509,0.06330777300111028,4
Edge260,0.036085386379846825,0.010452764671123325,0.021292438822993066,0.06214094157737111,4
Edge178,0.035779553810682235,0.012939397443491879,0.01737071843464632,0.06309167894124397,4
Edge1,0.03570174614808161,0.010085437012091948,0.016790067288554516,0.0517394403933754,4
Edge153,0.03568091024337569,0.008974620862209,0.027044062605019053,0.047555473798865794,4
Edge28,0.035415616017421964,0.005979708577252178,0.0309905829385521,0.04395918704634378,4
Edge233,0.03522993287932515,0.019085076062995688,0.024024035341374914,0.057266415157775696,4
Edge149,0.035216590370387886,,0.035216590370387886,0.035216590370387886,4
Edge211,0.03505046075111365,,0.03505046075111365,0.03505046075111365,4
Edge111,0.03485414709843467,0.013119823553512945,0.026479273063458743,0.04997437350148328,4
Edge76,0.03481338533535001,0.012831345430914997,0.01329612278759966,0.056703387659661826,4
Edge14,0.0347688373069057,0.004050945360432116,0.03190438637232797,0.03763328824148343,4
Edge93,0.03473674504092294,,0.03473674504092294,0.03473674504092294,4
Edge301,0.03462646452988461,0.01095346707500221,0.02201996451287315,0.06469756313223335,4
Edge119,0.03433751441806995,,0.03433751441806995,0.03433751441806995,4
Edge281,0.03432812736128301,0.009553445004283501,0.027614553627517458,0.04526543249810217,4
Edge134,0.034282352343000824,,0.034282352343000824,0.034282352343000824,4
Edge130,0.03417653972357142,0.002230154419555017,0.032599582410410916,0.03575349703673192,4
Edge34,0.034155622395687826,0.00543080488222334,0.02850530509043218,0.04081826594198079,4
Edge79,0.03405898098396927,0.009183351882871267,0.022196230051397457,0.04484124543442942,4
Edge68,0.033848011535774644,0.010811066858971576,0.016052943782237632,0.07016241186831493,4
Edge112,0.03337036773010495,0.009786933091859913,0.019684410956669982,0.050427325090809154,4
Edge39,0.03295910089473248,0.008542684709708183,0.017336651327675402,0.05043385452782859,4
Edge170,0.032428470814814814,0.011546756716261394,0.02082118451840581,0.05593872409777501,4
Edge258,0.032398381425709,,0.032398381425709,0.032398381425709,4
Edge224,0.03212116353713793,0.012412334509803896,0.0233443176348998,0.04089800943937607,4
Edge65,0.03209812789183092,,0.03209812789183092,0.03209812789183092,4
Edge284,0.03203538802530628,0.011201638763562437,0.012944980756798315,0.05426825535709918,4
Edge306,0.0320254157591127,0.01488443814249451,0.02150052861440313,0.042550302903822265,4
Edge75,0.03201498524135932,0.010920060865805414,0.010199006651309123,0.05591483753383342,4
Edge5,0.03196694976057889,,0.03196694976057889,0.03196694976057889,4
Edge49,0.03176845335098491,0.004876496194677178,0.025419081641798,0.03998030061081013,4
Edge71,0.03169995460862983,,0.03169995460862983,0.03169995460862983,4
Edge126,0.03146787205577756,0.001786155481141378,0.030204869402808966,0.032730874708746145,4
Edge237,0.031452609859256804,,0.031452609859256804,0.031452609859256804,4
Edge296,0.03092055866354546,0.010958838437186185,0.01804758494669609,0.05106427318074169,4
Edge238,0.030889735291182795,0.0084756589057548,0.019902019421062102,0.04031962466120401,4
Edge164,0.030885998299615535,0.005200115045975347,0.027208961687656172,0.0345630349115749,4
Edge165,0.03083418408767967,0.00799949677217733,0.015577831268811248,0.05081479947348628,4
Edge58,0.03050687885119237,0.007935417477917114,0.01911227598689203,0.04409114925750807,4
Edge41,0.03018260332770177,0.010487085775714607,0.015343755056748903,0.05033680421192484,4
Edge194,0.02972547652409479,0.007996587668846233,0.024071035157100892,0.035379917891088686,4
Edge145,0.029691702131036186,,0.029691702131036186,0.029691702131036186,4
Edge10,0.02961880840558635,0.0049601391221128785,0.02415769090163472,0.0355295159426683,4
Edge69,0.029598897757327387,0.007553298360903173,0.021055863728175233,0.04140143754166811,4
Edge48,0.02932639278874518,0.0033927298684949428,0.024863206320127798,0.03353029580960463,4
Edge179,0.029177597964365656,0.005815746619207324,0.01988116329757155,0.03909916282538493,4
Edge171,0.029121940603022825,0.008985289498612593,0.012129902025531712,0.050026675266316475,4
Edge21,0.029115130011184383,0.007182327944577811,0.01764464212047498,0.05016319530919995,4
Edge92,0.02907101861639521,,0.02907101861639521,0.02907101861639521,4
Edge266,0.02902605232984486,0.008167428237784326,0.01241411282008554,0.049939308553951955,4
Edge152,0.02878481680150627,0.010419802407881028,0.010030182246237453,0.061896325260453425,4
Edge115,0.028379464334281825,0.006874151508813672,0.019443321425003202,0.03785532890000745,4
Edge254,0.028116006449777207,0.007063093413834568,0.02014118430941353,0.03823478790911229,4
Edge191,0.028016531215867044,0.007549585330627637,0.01897368688206982,0.03759493852399909,4
Edge277,0.027628309800832695,,0.027628309800832695,0.027628309800832695,4
Edge295,0.027589459152676687,0.007935684618783516,0.01576583758155893,0.03611413996211288,4
Edge11,0.027524005578643297,0.005871675419586169,0.02230371658077722,0.035807803268663466,4
Edge189,0.027477157899313143,,0.027477157899313143,0.027477157899313143,4
Edge290,0.02738980040770555,0.0072799882780965885,0.018957329319050885,0.04079218187816046,4
Edge97,0.02736603152488488,0.007309799339275391,0.01787943295361545,0.04826167894051407,4
Edge168,0.027356153362270028,0.007128076987930498,0.017296938760177013,0.04096814124140952,4
Edge140,0.027330137692465,0.004546390292908666,0.020663490417590573,0.03457643301688855,4
Edge18,0.027325538648428134,0.0024689752755758755,0.0252698001241389,0.030650905164166086,4
Edge209,0.02728221847376209,0.0028178405578730033,0.025289704306987605,0.029274732640536576,4
Edge90,0.02721407884065493,,0.02721407884065493,0.02721407884065493,4
Edge263,0.02719743661681405,0.0028942311329796556,0.0244806259090393,0.0297699443066693,4
Edge40,0.027181918829052437,0.00031309143459784625,0.026960529752516876,0.027403307905588,4
Edge188,0.02684172758303726,0.008775678290838747,0.013326785091516568,0.03622570319355518,4
Edge45,0.026742079917884614,0.006770351360121084,0.01575814184637583,0.038301169635115484,4
Edge101,0.026741680598536925,0.007838561422628187,0.014709294342259338,0.05422475746399942,4
Edge35,0.026604527571248034,,0.026604527571248034,0.026604527571248034,4
Edge98,0.026430545770095733,,0.026430545770095733,0.026430545770095733,4
Edge230,0.026107612806304626,0.005870170189274397,0.01856872342102981,0.03421868325128257,4
Edge52,0.02607198368735264,0.0041312849645592595,0.023150724073898763,0.02899324330080652,4
Edge131,0.026028062435745666,0.008569808051341816,0.012385176738980937,0.0400437501135047,4
Edge244,0.025656525594490498,0.004953463494286973,0.016515594545962266,0.03338407211637843,4
Edge70,0.025509465842467174,0.006900869234154035,0.012618998966428213,0.04073764313439705,4
Edge187,0.025027851583283044,,0.025027851583283044,0.025027851583283044,4
Edge175,0.024948167823117234,0.00781492083868165,0.01573957664482415,0.03919886243035695,4
Edge315,0.024945723207035052,0.0036298261693004873,0.022379048508194287,0.027512397905875813,4
Edge163,0.024923568743781918,,0.024923568743781918,0.024923568743781918,4
Edge133,0.02482952799350287,0.004729506905284189,0.0176077221604593,0.031735114245201715,4
Edge206,0.024668206812109874,,0.024668206812109874,0.024668206812109874,4
Edge156,0.024415496332825876,0.008896848032527488,0.015470234580683319,0.03606857192226449,4
Edge269,0.024177108596004332,0.0030696130689975214,0.021113946280742417,0.028178419087225594,4
Edge216,0.024174660364077966,0.0064773798776612285,0.013972700459500645,0.03327623773151101,4
Edge24,0.024116830744879254,0.005468341115037536,0.017881998730764192,0.029307277814114435,4
Edge231,0.024098831797829973,,0.024098831797829973,0.024098831797829973,4
Edge317,0.024037588686154354,0.004506294245885777,0.017693148194570327,0.03577915422910921,4
Edge86,0.02390463282762331,0.0043070569243001955,0.017088314001835123,0.028046249963714957,4
Edge316,0.023638908776627606,0.005900635118071824,0.014415223441130028,0.04153092820993213,4
Edge7,0.023569080537213204,,0.023569080537213204,0.023569080537213204,4
Edge257,0.02350389172088968,0.0071953795159909895,0.018415990071921674,0.028591793369857687,4
Edge321,0.023240633306632175,0.0019667983763552886,0.02184989683748466,0.02463136977577969,4
Edge197,0.023218166951793965,,0.023218166951793965,0.023218166951793965,4
Edge147,0.023160164401249003,0.004504653158415949,0.013839490167995239,0.028871710725536084,4
Edge127,0.022964201147275706,0.005002751785120812,0.015766456188781138,0.027942177549576903,4
Edge60,0.02267771037607786,0.005068128179726333,0.016458253899393715,0.02984708723768022,4
Edge118,0.022647224924454378,,0.022647224924454378,0.022647224924454378,4
Edge265,0.02256549562562745,,0.02256549562562745,0.02256549562562745,4
Edge103,0.02252274018120091,0.004255822841937773,0.016363350756085315,0.028859174103069967,4
Edge320,0.022295512999668005,0.0026576726106758196,0.017268918907286424,0.024423157905518838,4
Edge227,0.0220188973797885,0.0012334958615511007,0.021146684091520172,0.022891110668056824,4
Edge270,0.02200173001757395,0.01601722796587636,0.010675839507091965,0.033327620528055935,4
Edge202,0.021743357552160125,0.006298351682066447,0.009672057012617832,0.0341938117021101,4
Edge15,0.02171565784838906,,0.02171565784838906,0.02171565784838906,4
Edge109,0.021633774217217117,,0.021633774217217117,0.021633774217217117,4
Edge318,0.021608263315315644,0.005682466604629413,0.013686742828798724,0.03262393318039776,4
Edge59,0.021374415201498225,0.0015522820972076292,0.019584958454282545,0.022358379900078135,4
Edge305,0.021365856240999483,0.00486334862065734,0.014801676082537631,0.027524716726664872,4
Edge12,0.021170099840070886,,0.021170099840070886,0.021170099840070886,4
Edge123,0.020848806072591246,,0.020848806072591246,0.020848806072591246,4
Edge132,0.020597242977137484,0.005519183736320542,0.015444556826736669,0.028053798696075063,4
Edge150,0.020388172676673463,0.0026022949559354543,0.018548072266683955,0.022228273086662968,4
Edge169,0.019588442779864535,0.0054936879492443625,0.015022125785246426,0.03027690489330008,4
Edge325,0.019070096959579407,,0.019070096959579407,0.019070096959579407,4
Edge64,0.018886346051239795,0.003284255635578155,0.015012389471545602,0.023448417113362884,4
Edge181,0.018578321559214246,,0.018578321559214246,0.018578321559214246,4
Edge185,0.017131209511161177,0.005887168021000743,0.00764310911492284,0.02839913398031962,4
Edge22,0.01661345499437031,,0.01661345499437031,0.01661345499437031,4
Edge32,0.015899430912366206,,0.015899430912366206,0.015899430912366206,4
Edge20,0.06345890984620486,,0.06345890984620486,0.06345890984620486,5
Edge218,0.06044775177161367,0.006265865128185935,0.051561631384765,0.06614201278314223,5
Edge134,0.05404526561043055,,0.05404526561043055,0.05404526561043055,5
Edge323,0.051979502133398775,0.0128753076234271,0.025838818560441807,0.08205328526089035,5
Edge67,0.04812508357918866,,0.04812508357918866,0.04812508357918866,5
Edge251,0.0476834317142456,0.015833781762726117,0.023181422836992743,0.08010653797191253,5
Edge4,0.04707127188014239,0.014918905014525004,0.022972500698348334,0.0760092399721284,5
Edge116,0.046102053007405934,0.011409610576108068,0.02399275131436083,0.07245265540791548,5
Edge294,0.045637086809627955,,0.045637086809627955,0.045637086809627955,5
Edge6,0.04507908101783415,0.012030691876922999,0.024223923338091886,0.07120037978472164,5
Edge204,0.04388260655079151,0.012193913387991416,0.017889494154968755,0.0837215569247868,5
Edge139,0.04385787289087557,0.017217835315103666,0.021176955396448042,0.06960925553556087,5
Edge149,0.04204494154875339,,0.04204494154875339,0.04204494154875339,5
Edge232,0.041248283414773525,0.01588912698043478,0.016810924250972088,0.08639066698286313,5
Edge80,0.0411973209135003,0.014118233910095588,0.017421928083303926,0.08206521986166392,5
Edge54,0.04069921626180712,0.018254387105254278,0.013736229132273936,0.08237341012646773,5
Edge74,0.04047198214672581,0.015701272532688895,0.023509108233812286,0.09580702494843425,5
Edge201,0.03943953632555398,0.014202724902333281,0.015953391023326182,0.08308091129329306,5
Edge268,0.03914670498061238,0.016171547231940316,0.021899444788248044,0.060764019228779206,5
Edge259,0.039136998161122726,0.011640828376182797,0.017198492899766788,0.060228940307773364,5
Edge203,0.038887556608884086,,0.038887556608884086,0.038887556608884086,5
Edge98,0.03838836590367053,,0.03838836590367053,0.03838836590367053,5
Edge1,0.03759959462033612,0.012350059454280688,0.011023055384423866,0.06532446919083151,5
Edge260,0.037282626188406394,0.013259568006029086,0.013955682456511338,0.08432120181361934,5
Edge211,0.03724513874776369,,0.03724513874776369,0.03724513874776369,5
Edge68,0.036972974365446235,0.009637538523927309,0.020385677648341274,0.06392609590034043,5
Edge112,0.03691247923934156,0.011439343732824932,0.018262908367612626,0.05568892189868889,5
Edge65,0.03668996167320932,,0.03668996167320932,0.03668996167320932,5
Edge136,0.03664208192056619,0.009061963800398119,0.02244566752332908,0.0550688474111042,5
Edge117,0.03641677857258851,0.012275642569186934,0.014684254324985352,0.05868430965285592,5
Edge249,0.0364157740715522,0.011754096725621008,0.023065313155241962,0.04520823971428391,5
Edge14,0.03620554838470156,0.008005362874306402,0.030544902010420472,0.04186619475898265,5
Edge300,0.03611922584149011,0.012292730614427273,0.012691966381745976,0.054088456386502365,5
Edge76,0.0360841010746318,0.01422876768941345,0.011251985151811987,0.06565789394766469,5
Edge35,0.03586671496894826,,0.03586671496894826,0.03586671496894826,5
Edge41,0.035832916401456694,0.01230829818158502,0.026298446687526046,0.06334621645752217,5
Edge135,0.03550551725661784,0.014371575193456977,0.016199587206168174,0.06514322885855797,5
Edge280,0.03514588717194808,0.011043111741495634,0.01623603262236733,0.0497227698959572,5
Edge114,0.034589680490482055,,0.034589680490482055,0.034589680490482055,5
Edge311,0.03401691637712171,0.012052530940109833,0.02639331258054511,0.04791207093843444,5
Edge49,0.033963881480029615,0.012459484378752272,0.014320048148409524,0.05703556604953098,5
Edge153,0.03394931121657005,0.008113400328095795,0.026101566662219654,0.04190499918003729,5
Edge39,0.03390285565163687,0.009226620041437015,0.01663244855201274,0.054592092170544476,5
Edge284,0.03379003662053202,0.011774945116178557,0.016086366480389015,0.05429398499219209,5
Edge28,0.0335602446707233,0.011001996257924914,0.022583427954474336,0.04762779562882081,5
Edge130,0.03342285871276027,0.002972275026504614,0.03132114288596743,0.0355245745395531,5
Edge301,0.03221074561887312,0.011048612423181822,0.015419080545094659,0.054627052163583406,5
Edge40,0.03190905173426776,0.00264671652579547,0.030037540530999284,0.033780562937536236,5
Edge34,0.031874147082441295,0.0022733728625963555,0.029414851142815307,0.03491729242909218,5
Edge247,0.031758385375844786,0.010481576302875571,0.024346791694557248,0.03916997905713233,5
Edge179,0.031462416055934445,0.009618879516283119,0.020186135950504724,0.0516861915010165,5
Edge165,0.03132815271913949,0.008211332291974736,0.01685625962282021,0.05574595107446531,5
Edge119,0.03129531392178405,,0.03129531392178405,0.03129531392178405,5
Edge10,0.031235069552073284,0.007933564920693732,0.02183844139452032,0.04054256821453142,5
Edge170,0.030742552724730966,0.011447650333758599,0.02047007892761282,0.05720477710821145,5
Edge111,0.03066904515943934,0.009483967634108702,0.023733331151846872,0.04147635347028065,5
Edge145,0.030488395625102423,,0.030488395625102423,0.030488395625102423,5
Edge164,0.030459172262130657,0.008450248096273183,0.024483944530547176,0.03643439999371414,5
Edge24,0.030311131351933123,0.00823591935874772,0.02179192965281606,0.03956687221541221,5
Edge89,0.030276706491489714,,0.030276706491489714,0.030276706491489714,5
Edge178,0.030266706273159312,0.01112690622171224,0.01725892232111609,0.05020643116826556,5
Edge191,0.030084967906618014,0.009356479839187177,0.017188066921447618,0.04291343784282538,5
Edge227,0.02994558570021391,0.0006640229527260256,0.029476050567477822,0.030415120832949998,5
Edge21,0.02967549312686423,0.008116634868582289,0.012766953260337265,0.05259456859163261,5
Edge237,0.02965792306753419,,0.02965792306753419,0.02965792306753419,5
Edge206,0.02948925783472694,,0.02948925783472694,0.02948925783472694,5
Edge233,0.029369046836784662,0.013712101942403247,0.017026710879096255,0.04412926581149114,5
Edge75,0.02930038690299714,0.008562276720890846,0.01707590303650231,0.04662661517978366,5
Edge171,0.029154925586971355,0.007021016743196762,0.01008422554234574,0.04541233956395959,5
Edge315,0.028864603972287125,0.004843455477268644,0.02543976375993534,0.03228944418463891,5
Edge168,0.028681633451694666,0.006989301142465805,0.019435611723890068,0.046294095057845173,5
Edge296,0.028601310409069644,0.007238972921641028,0.018828459398821277,0.04384903081221477,5
Edge101,0.028358168703627264,0.008866948223782388,0.013761050936048866,0.04711103096293557,5
Edge115,0.02829280884857294,0.00689845691102384,0.017115833593893594,0.03657316551014374,5
Edge93,0.02826462146208048,,0.02826462146208048,0.02826462146208048,5
Edge257,0.02816107579249162,0.021070509887147558,0.013261975368231387,0.04306017621675186,5
Edge140,0.028009837382102967,0.006191789321587547,0.018475789371425945,0.03558142628593609,5
Edge216,0.027848114575898204,0.009111020538655496,0.015131275592854916,0.040696968046164766,5
Edge266,0.027763610099015228,0.008313855261143213,0.009313454293268918,0.04492608405936037,5
Edge238,0.027725596235474083,0.011103346606049546,0.012331706638143652,0.042265977888732334,5
Edge197,0.02771307719170226,,0.02771307719170226,0.02771307719170226,5
Edge69,0.027604553346524813,0.008336992115031153,0.017059413893945056,0.0422061174582858,5
Edge11,0.027417246717003064,0.003820102103171211,0.023743054458229537,0.03196829527190246,5
Edge18,0.027245649781719724,0.005462286032224496,0.02007115696527778,0.03219956513945559,5
Edge126,0.027040139789432663,0.0039071583250934365,0.02427736164258962,0.029802917936275708,5
Edge175,0.026959739101346285,0.011112728974192103,0.0145516330831059,0.048852296200955186,5
Edge79,0.02691444506042522,0.003591323533483091,0.024234107746735074,0.033155368158384546,5
Edge71,0.026860984589772423,,0.026860984589772423,0.026860984589772423,5
Edge150,0.026737476335240373,0.0061762299219779325,0.02237022227524252,0.03110473039523823,5
Edge263,0.026660225040473343,0.003925523059871048,0.023229597759414543,0.03229832871866549,5
Edge58,0.02663321655176316,0.008831499961985774,0.015637505133448356,0.04812857205606486,5
Edge97,0.02654335832312272,0.007595109796302339,0.011436986423816293,0.039761571582868985,5
Edge15,0.02648815637545705,,0.02648815637545705,0.02648815637545705,5
Edge254,0.026410564183977314,0.013298170450351261,0.006059560232752334,0.04177540777681688,5
Edge277,0.026387052185536393,,0.026387052185536393,0.026387052185536393,5
Edge127,0.026220042681917133,0.00674034944936692,0.02052443047124325,0.03773416031892176,5
Edge70,0.026033220071783887,0.006614610102973431,0.014885579260563884,0.042056277580456616,5
Edge269,0.026025573267742415,0.002558803911348568,0.023613431334347998,0.029470665990629374,5
Edge152,0.0253817161421567,0.010893397872133857,0.011613102448893173,0.060171503784378626,5
Edge290,0.025276000469484795,0.008668548017479984,0.013297038763567987,0.04252752869622612,5
Edge244,0.025115106819145396,0.00387212577323077,0.019876340278702706,0.03192702071488694,5
Edge45,0.025004592336821695,0.0079936751005076,0.015665971544928093,0.04238310963884242,5
Edge194,0.024988565873157717,0.005041801942256762,0.021423473530388457,0.02855365821592698,5
Edge281,0.02498650078247404,0.009468955993951322,0.018369526977392633,0.03583308232905686,5
Edge147,0.02498271238777098,0.0074239361937205595,0.014083115745382997,0.036628310708528955,5
Edge295,0.024757995842039266,0.005467158522646684,0.015856322371874253,0.031205820286437817,5
Edge12,0.024740769746590396,,0.024740769746590396,0.024740769746590396,5
Edge305,0.024732099519975237,0.004921164379263713,0.019987024841216623,0.034765192124257015,5
Edge5,0.024594040063538932,,0.024594040063538932,0.024594040063538932,5
Edge265,0.024321820159074976,,0.024321820159074976,0.024321820159074976,5
Edge131,0.02342952914533698,0.005932387024550303,0.013887719205961315,0.03217689965595571,5
Edge230,0.023325231385676992,0.0037588712821676343,0.01732629034764734,0.02853395769075837,5
Edge318,0.023250733808684487,0.005711700752739394,0.007622059705520285,0.029680010881887695,5
Edge321,0.023155233070259216,0.005956488355686124,0.01894335976189485,0.027367106378623583,5
Edge306,0.023044905542511894,0.020372042579036444,0.008639696088254142,0.037450114996769646,5
Edge189,0.022959690920867474,,0.022959690920867474,0.022959690920867474,5
Edge317,0.022760211248191584,0.005043592458674911,0.015775084104577685,0.03210321401072136,5
Edge86,0.02274997816648737,0.009582679975319724,0.012238569100281845,0.037688808360288144,5
Edge188,0.022566389590800665,0.007474176693839896,0.01292363270155877,0.029678612315498176,5
Edge156,0.022498924790619827,0.007224648856112195,0.013855169804288449,0.03292608564553364,5
Edge316,0.02216351525191518,0.007680353165201981,0.012175540988353198,0.041987553575363205,5
Edge209,0.021895547404351196,0.0029872100645842578,0.019783270910854963,0.02400782389784743,5
Edge224,0.021706942735535504,0.005818074800634123,0.017592942590556545,0.025820942880514463,5
Edge133,0.02169639405554035,0.007355053168252326,0.010730966996834648,0.03228805683357438,5
Edge163,0.021566047502489572,,0.021566047502489572,0.021566047502489572,5
Edge103,0.02123732439616756,0.006240353066985907,0.012085630406049154,0.02782260986071171,5
Edge181,0.02084747022964883,,0.02084747022964883,0.02084747022964883,5
Edge48,0.020557532236360494,0.006213881000288659,0.009904180708244335,0.02623353413389662,5
Edge52,0.02044440570623654,0.0009878305440277424,0.019745904029891327,0.021142907382581753,5
Edge132,0.020238439095279757,0.006008787440704189,0.014132202446576442,0.030365202133282348,5
Edge320,0.01988040972940565,0.0042562754562446925,0.012765463205468114,0.026066521465178856,5
Edge258,0.019839332045633394,,0.019839332045633394,0.019839332045633394,5
Edge59,0.01980384855198535,0.0006607294728262167,0.019390374744271875,0.02056587186303427,5
Edge118,0.019360165511400414,,0.019360165511400414,0.019360165511400414,5
Edge60,0.018984066670404327,0.005218665112834632,0.012869239445101812,0.026265251913925806,5
Edge169,0.01860252028031637,0.008448478475480964,0.009530810503824722,0.030031385049484154,5
Edge90,0.018459292518809987,,0.018459292518809987,0.018459292518809987,5
Edge202,0.017988968917325637,0.006325388881912783,0.007178861035022354,0.032353066302002846,5
Edge123,0.017983854555193343,,0.017983854555193343,0.017983854555193343,5
Edge22,0.017365870512825808,,0.017365870512825808,0.017365870512825808,5
Edge92,0.017122398754868512,,0.017122398754868512,0.017122398754868512,5
Edge109,0.016970158817381478,,0.016970158817381478,0.016970158817381478,5
Edge187,0.01680509548661412,,0.01680509548661412,0.01680509548661412,5
Edge185,0.016228971886950966,0.005299214103028964,0.008372977150764026,0.028257923603046606,5
Edge270,0.015993193182768903,0.007572954521945778,0.010638305686683716,0.021348080678854093,5
Edge64,0.015313296554200297,0.004469247694923109,0.009390505929724586,0.02045351015414168,5
Edge325,0.015188547614674953,,0.015188547614674953,0.015188547614674953,5
Edge32,0.013948215296108736,,0.013948215296108736,0.013948215296108736,5
Edge231,0.01187448328860002,,0.01187448328860002,0.01187448328860002,5
Edge7,0.011047859615331074,,0.011047859615331074,0.011047859615331074,5
Edge20,0.07156164049836955,,0.07156164049836955,0.07156164049836955,6
Edge218,0.06578960493088912,0.013398272696388894,0.05533680645023204,0.0841483624020875,6
Edge134,0.05632170788296124,,0.05632170788296124,0.05632170788296124,6
Edge323,0.0496780377146598,0.015067321172416217,0.022190105297215226,0.0835513991528286,6
Edge116,0.04867998611676263,0.013590242238020415,0.02463591930306664,0.07907541752887806,6
Edge4,0.04761587540161737,0.015124742593183194,0.024380732196636,0.07672012181927182,6
Edge251,0.046771964690268,0.01740375326586791,0.016990874107288667,0.0911744666642901,6
Edge6,0.04545435098315792,0.01585378932062613,0.027248086744763533,0.0864477600971008,6
Edge204,0.045365498789142186,0.013985671583200375,0.02292979586276992,0.08653281666154716,6
Edge247,0.04471051184660524,0.018354771046607817,0.03173172877242235,0.057689294920788135,6
Edge139,0.04438873366837509,0.011112732776313954,0.032111398859495974,0.068650937245947,6
Edge80,0.04374316491919552,0.012756071761699937,0.023483564024475954,0.07974390628673952,6
Edge117,0.043406119100042495,0.017921781882793683,0.0247039504770343,0.09443230690955455,6
Edge232,0.04275287795674322,0.01737075006786324,0.01991725022044346,0.09842270761600334,6
Edge54,0.04247540510964251,0.019796142850673038,0.015271313874653816,0.08261249360414656,6
Edge259,0.04209281787296195,0.010581663662475234,0.026118126129653956,0.06241594281941911,6
Edge67,0.04093672128619553,,0.04093672128619553,0.04093672128619553,6
Edge268,0.04071151824001634,0.018511567486474364,0.02231561508893426,0.062376151919191325,6
Edge112,0.040452104717723474,0.012284431918119293,0.02288989233687394,0.05812341289063244,6
Edge201,0.04030963595306373,0.01451721986951571,0.01814417380605872,0.0849556635164079,6
Edge74,0.04012388592070717,0.015903813675940022,0.01732758158492651,0.08997519448490134,6
Edge300,0.03968846232935568,0.009853488598588311,0.01885431660852463,0.05077411957213654,6
Edge89,0.03912474609478692,,0.03912474609478692,0.03912474609478692,6
Edge135,0.03868878925829205,0.01764357357497531,0.016672561144683018,0.06521379939070887,6
Edge260,0.03851219525074264,0.015782660053455442,0.0177307805126456,0.10308370787835308,6
Edge206,0.03752933104311805,,0.03752933104311805,0.03752933104311805,6
Edge68,0.037299175312657695,0.009950436500865176,0.015853291608513807,0.06950900084478862,6
Edge41,0.03696565770302607,0.01567169145653152,0.01982611404486093,0.07065311076920913,6
Edge178,0.036589692211478536,0.009775178065572175,0.01905925753648821,0.050973603774973016,6
Edge136,0.03619597019554591,0.01573996594478027,0.01649646045418671,0.07600361351529908,6
Edge1,0.036091055190272434,0.014606111186032326,0.013075790889856808,0.07030352300534656,6
Edge28,0.03573449205519266,0.010513033715566243,0.0215354678035267,0.044599390340211806,6
Edge311,0.035340277352999966,0.005017151297122039,0.03137243458827588,0.040979875825045045,6
Edge153,0.03486030529517548,0.010781193990389721,0.020483210372522577,0.046628550781831,6
Edge284,0.034827370415708915,0.010314422828555414,0.015641366998001918,0.05924799065190807,6
Edge211,0.034756455177229056,,0.034756455177229056,0.034756455177229056,6
Edge280,0.034587401078127515,0.01045145700543726,0.021357423149530524,0.05308404610639177,6
Edge65,0.034551907291002756,,0.034551907291002756,0.034551907291002756,6
Edge164,0.03401737322633964,0.0014263645993811886,0.033008781145672766,0.03502596530700651,6
Edge249,0.033949512950332536,0.005680331426790181,0.027404981310400672,0.03759992467947671,6
Edge35,0.03389661153609134,,0.03389661153609134,0.03389661153609134,6
Edge76,0.03383937046900648,0.013745610829664325,0.01062616814816448,0.06502603704631567,6
Edge238,0.032777379199303305,0.009441807474500808,0.023258144346355182,0.04413481708897879,6
Edge315,0.03234513267032011,0.0023719418453528795,0.030667916506890956,0.034022348833749265,6
Edge39,0.03185343916562422,0.008696533165082733,0.017974722219136027,0.05305805688121813,6
Edge237,0.03175811036683209,,0.03175811036683209,0.03175811036683209,6
Edge21,0.03157633302115636,0.009266261118307416,0.013991931654827733,0.052399498527870125,6
Edge14,0.031499361116713843,0.006134343347837215,0.02716172533733156,0.035836996896096124,6
Edge34,0.031382132510611054,0.003858272210128944,0.025630404794152965,0.03382130145439409,6
Edge49,0.031152757604059233,0.010484776300914036,0.021015530745086976,0.05743886858476376,6
Edge93,0.031116833627421726,,0.031116833627421726,0.031116833627421726,6
Edge79,0.031051823061421173,0.005729907938564092,0.022876662138201838,0.03747155735594917,6
Edge149,0.03098427955569578,,0.03098427955569578,0.03098427955569578,6
Edge114,0.030940244531766904,,0.030940244531766904,0.030940244531766904,6
Edge10,0.030893214451365558,0.012516143082674054,0.01866190266174644,0.05202164957456183,6
Edge301,0.03037892400021625,0.01380395321453746,0.010877893210200733,0.05751649553472068,6
Edge165,0.030252922243031617,0.009046792672633072,0.013454314715937108,0.04934395758188938,6
Edge266,0.030180234350239685,0.009215115821272237,0.010024820478659494,0.06010774124271199,6
Edge75,0.029862781884228876,0.010995444254677095,0.010579248748666531,0.05433637407826198,6
Edge170,0.029842177007028035,0.017225512776273103,0.008334489049671517,0.060879520279469614,6
Edge269,0.02944062830811894,0.0030387434562191315,0.025538583620657085,0.03237968614104127,6
Edge111,0.029391713368430116,0.009602892497651394,0.022212933855579573,0.04029987268338484,6
Edge145,0.028978975888117844,,0.028978975888117844,0.028978975888117844,6
Edge98,0.02884712541114665,,0.02884712541114665,0.02884712541114665,6
Edge296,0.02863602038202337,0.007425040490644967,0.019918486252529066,0.04718977748293947,6
Edge194,0.028625149641949905,0.01185859824493852,0.020239854407586987,0.037010444876312824,6
Edge52,0.028366224403174482,0.0011801911367077375,0.027531703247312182,0.029200745559036786,6
Edge175,0.02834117391247442,0.010715255761427659,0.01843796522961079,0.04886032746067937,6
Edge233,0.027651091937072547,0.018824528499969365,0.01616239374502311,0.049375748715841015,6
Edge179,0.02760871568518542,0.0068894276974721695,0.015836235729241574,0.03960737689670708,6
Edge277,0.027283442412577567,,0.027283442412577567,0.027283442412577567,6
Edge209,0.026918421938880735,0.010047769834851138,0.019813575752855857,0.03402326812490561,6
Edge130,0.026853810901053043,0.008633529450515164,0.020748983681020003,0.032958638121086084,6
Edge168,0.026849160255842504,0.010565204257739155,0.00758024254825157,0.043010662325031326,6
Edge321,0.026682313785751782,0.008826612222493858,0.020440956428322315,0.03292367114318125,6
Edge171,0.026617823359040213,0.006456189862950524,0.010986912974703484,0.04272780544007858,6
Edge152,0.026572597433747572,0.009836176291625148,0.013963993502696299,0.06279815302241787,6
Edge101,0.026559811640506897,0.009768401478258472,0.01414311691688305,0.056501645739383245,6
Edge189,0.02634986879136602,,0.02634986879136602,0.02634986879136602,6
Edge58,0.026225189097835024,0.005609769372136179,0.015225957421319412,0.03595396266506769,6
Edge97,0.025977857003639044,0.00908292628874458,0.010238136265524308,0.0398415344787042,6
Edge294,0.02597780224391311,,0.02597780224391311,0.02597780224391311,6
Edge69,0.025946880383590432,0.00625273630810893,0.01774946218700712,0.03655125162149247,6
Edge197,0.025939568435659,,0.025939568435659,0.025939568435659,6
Edge254,0.025828348221789837,0.012810589010244183,0.010588717391823266,0.04564225232991826,6
Edge126,0.025826012826283502,0.006707110804017309,0.02108336929459331,0.0305686563579737,6
Edge290,0.02564535869549257,0.012113462828504222,0.01114800906328909,0.05072615193767131,6
Edge295,0.025579203067718975,0.009865769479814377,0.013794838232749303,0.0353112849385336,6
Edge230,0.025499292238579385,0.005097666084076055,0.016775731737987812,0.034353049305604795,6
Edge115,0.02549141697888649,0.00911632155234907,0.015744697755807776,0.0390021488911115,6
Edge265,0.0254037508021977,,0.0254037508021977,0.0254037508021977,6
Edge257,0.025366445600547398,0.002922240135714873,0.023300109784327915,0.02743278141676688,6
Edge203,0.025353458900065236,,0.025353458900065236,0.025353458900065236,6
Edge70,0.02525023585530726,0.008910210824649361,0.008133533506395537,0.04843567547231295,6
Edge244,0.025096886589200142,0.0078512278084865,0.013485429055686603,0.036647469646892666,6
Edge281,0.024862908364719327,0.004597998891150242,0.021821114073517812,0.030152387394866215,6
Edge191,0.024523659483107585,0.007205298764205763,0.014473212810023041,0.03320570578063893,6
Edge71,0.024495141023124542,,0.024495141023124542,0.024495141023124542,6
Edge40,0.024479608584240684,0.004758325805377277,0.02111496414016347,0.027844253028317896,6
Edge119,0.02419475291644569,,0.02419475291644569,0.02419475291644569,6
Edge15,0.02387006304016475,,0.02387006304016475,0.02387006304016475,6
Edge12,0.023817669186118825,,0.023817669186118825,0.023817669186118825,6
Edge263,0.02377307041866064,0.005804816179150022,0.01757203157861033,0.029642423608880964,6
Edge18,0.02365444934318902,0.0024033294085418467,0.020303908518171567,0.025895089872354882,6
Edge5,0.023547411611413563,,0.023547411611413563,0.023547411611413563,6
Edge163,0.023532487282559064,,0.023532487282559064,0.023532487282559064,6
Edge45,0.023457805969375044,0.007451527758840467,0.011523271948218986,0.038341413831308825,6
Edge216,0.023220961599557107,0.003981547467887105,0.019160161926352098,0.03197759886552407,6
Edge132,0.023111451168592118,0.00629451025466692,0.011523251055387485,0.030137270852970514,6
Edge188,0.02307346338520343,0.010154579897636427,0.012402139982669676,0.03940933505225703,6
Edge131,0.022891836175095544,0.007850717112365718,0.01050739121041434,0.03817126306393643,6
Edge320,0.022763842655854873,0.005194173269298139,0.015731428254414793,0.02901183627558521,6
Edge306,0.022731158444996888,0.004892600990788251,0.01927156710677049,0.02619074978322328,6
Edge227,0.02268444045434483,0.008110998661865184,0.016949098298344945,0.028419782610344713,6
Edge140,0.022491428832235212,0.003929940009833874,0.017167137736899797,0.0272263675568491,6
Edge181,0.022473609561981054,,0.022473609561981054,0.022473609561981054,6
Edge270,0.022460590041827867,0.0008244339449028325,0.021877627208746697,0.023043552874909036,6
Edge316,0.02245855753589684,0.008562889922180036,0.008793727439182506,0.04224048465501751,6
Edge86,0.022000194562931973,0.00900830232009432,0.012665151676865027,0.03357489714461836,6
Edge11,0.021865622342905896,0.004412058842390814,0.015849781948969237,0.0263539544532845,6
Edge156,0.021859082107761614,0.005397059753478828,0.014131247169403562,0.027287804161424553,6
Edge147,0.02183593095945007,0.005543294373598383,0.015039453697524798,0.03084305393426249,6
Edge22,0.021758893416305873,,0.021758893416305873,0.021758893416305873,6
Edge127,0.02154234014540145,0.006164929343114157,0.014534642091502235,0.031064171932427293,6
Edge109,0.02122853594037298,,0.02122853594037298,0.02122853594037298,6
Edge305,0.02098879188750258,0.006441593517195243,0.014561231167345397,0.030525504096457053,6
Edge133,0.020958736360821382,0.0046177731096609595,0.013059008187879237,0.028115807342349006,6
Edge48,0.02092942458905279,0.006064631434334068,0.010583069658827925,0.02574532165194614,6
Edge317,0.020885407262159126,0.009470994984322162,0.006357499418952056,0.03850199567956173,6
Edge32,0.020488821315462116,,0.020488821315462116,0.020488821315462116,6
Edge187,0.020272532133088255,,0.020272532133088255,0.020272532133088255,6
Edge202,0.01988324281858372,0.0090232647801729,0.00977678841775103,0.041760343805687515,6
Edge59,0.019550313443931135,0.00566600968892815,0.014185426834700993,0.025475773792535492,6
Edge103,0.019503998202646155,0.006082098915707708,0.009714741760307559,0.02539170889896259,6
Edge325,0.019423472651505937,,0.019423472651505937,0.019423472651505937,6
Edge123,0.019190026728367438,,0.019190026728367438,0.019190026728367438,6
Edge318,0.0191766818050113,0.006300177409369695,0.007570428326826716,0.02695089158496572,6
Edge64,0.018410015864799872,0.006177294775927611,0.012447971347052481,0.02765864589000356,6
Edge7,0.01781245131276595,,0.01781245131276595,0.01781245131276595,6
Edge150,0.017741486486408824,0.004781802802624766,0.014360241298376012,0.021122731674441633,6
Edge118,0.017626920973583923,,0.017626920973583923,0.017626920973583923,6
Edge224,0.017221580628181434,0.00018357359652715927,0.017091774493230277,0.01735138676313259,6
Edge90,0.017174955795190388,,0.017174955795190388,0.017174955795190388,6
Edge185,0.016316574260097774,0.004268913246810883,0.008189990510158004,0.021429208684292052,6
Edge24,0.01615315225690397,0.0017336889276719774,0.014052275256032606,0.01825093235370008,6
Edge258,0.016041537789746773,,0.016041537789746773,0.016041537789746773,6
Edge169,0.015339232692624027,0.0048441727037523055,0.006461618571009243,0.02097045532667474,6
Edge60,0.0151282658196324,0.003175242654632137,0.010333580939609196,0.018535585473639465,6
Edge92,0.01438712974716993,,0.01438712974716993,0.01438712974716993,6
Edge231,0.011513055327181299,,0.011513055327181299,0.011513055327181299,6
Edge20,0.07271164460594316,,0.07271164460594316,0.07271164460594316,7
Edge218,0.06972714640927925,0.013157759171519406,0.052057574203635354,0.08169342714392676,7
Edge251,0.05124233999067928,0.01775797400160006,0.023612829991877332,0.089419531923306,7
Edge4,0.05051370220999105,0.01624383619244726,0.030317816169850357,0.09252017399350773,7
Edge6,0.05004842903088425,0.017342125596117,0.024451205792958935,0.0860100530808742,7
Edge323,0.04974740862254605,0.015067880254176366,0.02172093214539979,0.08990062395947383,7
Edge65,0.048479848753704965,,0.048479848753704965,0.048479848753704965,7
Edge294,0.04720901142302027,,0.04720901142302027,0.04720901142302027,7
Edge139,0.04637994651187041,0.015373615317854087,0.02650405957082408,0.07062469867693394,7
Edge259,0.04621819802788066,0.014596307732081495,0.014926556826033692,0.06945083643152541,7
Edge204,0.04599089702295063,0.015587748694292853,0.02214285772604816,0.09413370984561795,7
Edge116,0.04576938646571966,0.013292688048690092,0.023682402753273685,0.07818925323225816,7
Edge117,0.044516767355685875,0.01943794790931238,0.021472305555919696,0.08795647095297421,7
Edge54,0.04394397271185919,0.02250344840885018,0.014419645849819066,0.09801826271707008,7
Edge311,0.043723428354671745,0.00976756681899548,0.03272181909565269,0.05137569919294245,7
Edge80,0.04347566172753449,0.014889244024718761,0.015636545979661444,0.08107770922407359,7
Edge149,0.042923231634903525,,0.042923231634903525,0.042923231634903525,7
Edge74,0.04258584370183835,0.01569586891848134,0.01795976510705251,0.07804292629192813,7
Edge153,0.04129275420881226,0.01078860414928476,0.025158195765828832,0.047777497067758114,7
Edge232,0.04128937137584496,0.016071625512463692,0.01009567518468527,0.08457298510982439,7
Edge260,0.0408506017715205,0.015523868318995524,0.0177891226808239,0.10015860651056416,7
Edge201,0.04035614485047283,0.014411302861204357,0.01139335098105183,0.078550024015325,7
Edge247,0.040289177811716585,0.01594519288527282,0.029014223795212683,0.05156413182822049,7
Edge134,0.03950129169391091,,0.03950129169391091,0.03950129169391091,7
Edge268,0.03938183158391887,0.013460313323898517,0.02418716062168911,0.05587214060625926,7
Edge280,0.03873223013255754,0.009972869239037322,0.028421257701788126,0.06107993454750317,7
Edge277,0.03850734676792492,,0.03850734676792492,0.03850734676792492,7
Edge14,0.037953786283941617,0.0029534405725952007,0.03586538842722807,0.04004218414065516,7
Edge135,0.03789410954754115,0.018524447245546638,0.013646397941147404,0.0755720962111954,7
Edge112,0.037781294842518166,0.01175591842524816,0.023419805142056542,0.05614847964712658,7
Edge300,0.037552376491933465,0.014039946019624008,0.02028844856574865,0.060174998879136646,7
Edge28,0.03702529185403623,0.008342256257750261,0.027316523821382083,0.04723077238528069,7
Edge136,0.03642294703639698,0.012709818440707765,0.02009565902982529,0.062132855960741945,7
Edge249,0.03603655137594564,0.011621814717964422,0.022631859136292214,0.043288667273793914,7
Edge1,0.03588640657621208,0.014969890055577481,0.007655632981577367,0.06393432506588663,7
Edge89,0.03569325801829172,,0.03569325801829172,0.03569325801829172,7
Edge238,0.03561058198486147,0.008859549892889807,0.02418395307657913,0.04726338184896095,7
Edge76,0.03544767591540527,0.01813946793950054,0.007030674633420947,0.07503178501911077,7
Edge178,0.03540504324500637,0.012292205786594766,0.022850658026706508,0.06539952483307591,7
Edge67,0.035067534885307845,,0.035067534885307845,0.035067534885307845,7
Edge211,0.034700298342472895,,0.034700298342472895,0.034700298342472895,7
Edge41,0.03431726222592085,0.011651571120179388,0.023851533188652053,0.058436528363452415,7
Edge130,0.0336325414718189,0.018059177441820392,0.020862774640056574,0.046402308303581226,7
Edge39,0.03349931655693915,0.009756857886518608,0.013566077215572075,0.04935331550310269,7
Edge301,0.03343293628220844,0.015762842392159058,0.012365763798982616,0.06418866285618599,7
Edge68,0.033352337384141804,0.010728330498438942,0.016161192665528165,0.06328811872915069,7
Edge79,0.03331866935466638,0.010880328298272386,0.025554525405249433,0.052309037157216826,7
Edge93,0.03331503908888211,,0.03331503908888211,0.03331503908888211,7
Edge34,0.03300638413668681,0.005744366127645223,0.027240118872310513,0.038661230722605196,7
Edge284,0.031502111171436684,0.011896841469529773,0.012748160206106984,0.05217085372387453,7
Edge10,0.03110857574430115,0.011702074706992539,0.015471235163827956,0.04762131578064514,7
Edge49,0.030797596820453414,0.0094142277485153,0.018994846640709735,0.05379149523623562,7
Edge5,0.030671465042278762,,0.030671465042278762,0.030671465042278762,7
Edge315,0.0306647236982514,0.008202283693199355,0.024864833277574296,0.036464614118928505,7
Edge75,0.03055579903859841,0.010456747734677323,0.017458473628742945,0.04846724746914498,7
Edge165,0.030460735168890713,0.009204261785513465,0.015512827794290097,0.04864013379700449,7
Edge296,0.030046459594841823,0.00957472184305795,0.017441672267149603,0.051454443539169295,7
Edge170,0.029832222486895335,0.011197295809758999,0.015902245740789703,0.048668860169622116,7
Edge114,0.029737728275676393,,0.029737728275676393,0.029737728275676393,7
Edge194,0.029530008615699647,0.006539075345708389,0.024906184096059478,0.03415383313533982,7
Edge111,0.029429827833271045,0.020607821502201057,0.015625412440692855,0.05311777036061365,7
Edge290,0.029044379658704555,0.01340260972936009,0.013536522648673197,0.04879523016882683,7
Edge140,0.02863910811279419,0.006951937644499888,0.018128535741425287,0.03920280590420817,7
Edge21,0.028509039224036078,0.009393977588258832,0.01382207366200742,0.06085250740599102,7
Edge168,0.028272257708598716,0.00791398848689546,0.01426615374405014,0.04130044007267311,7
Edge126,0.028080845164324936,0.004621295881671501,0.024813095508525552,0.031348594820124316,7
Edge266,0.02797347754298744,0.010632597580234807,0.012438117662864902,0.0510838684017363,7
Edge175,0.027895323581175475,0.008443220394309212,0.016584618363921475,0.038457092954964744,7
Edge191,0.027848566002558924,0.011730611913408405,0.01167106588741831,0.0507310086536566,7
Edge269,0.02781868486383545,0.003670475235270971,0.023920472705649697,0.03096884386053015,7
Edge181,0.027453313491633092,,0.027453313491633092,0.027453313491633092,7
Edge171,0.02732345569609357,0.008664923852173455,0.009062985199982571,0.04947668468147056,7
Edge233,0.026985379492011918,0.024229200037359167,0.012713111403632876,0.05496092108921127,7
Edge40,0.026903312808299752,0.012388483252208824,0.01814333229204692,0.035663293324552585,7
Edge164,0.02672518151410081,0.01018718019603059,0.01952175731631828,0.033928605711883345,7
Edge197,0.026708523220500546,,0.026708523220500546,0.026708523220500546,7
Edge18,0.026434348341820606,0.004389928790498657,0.020275941249635755,0.029845368454277488,7
Edge254,0.026222437365656874,0.011487218758322568,0.015192397744519854,0.040441352805999024,7
Edge152,0.025918778812260162,0.010765082318116044,0.007220238212862394,0.05472065203858267,7
Edge145,0.025784861454521635,,0.025784861454521635,0.025784861454521635,7
Edge58,0.02536859898163897,0.007667741061027403,0.015275898091440525,0.03910180173422034,7
Edge11,0.02533495276248497,0.002671512054136882,0.02304910185261547,0.02837601516403908,7
Edge306,0.025218544424686146,0.014243825245122414,0.01514663900382395,0.03529044984554834,7
Edge163,0.02509531897344418,,0.02509531897344418,0.02509531897344418,7
Edge97,0.025013627334654148,0.0084982378299867,0.012977350265670772,0.04921740682814435,7
Edge69,0.02492969209601538,0.004653153671667569,0.018353033764869447,0.030607500089881345,7
Edge325,0.02489757447097755,,0.02489757447097755,0.02489757447097755,7
Edge244,0.024824020688102563,0.007258489298665699,0.014390806048045249,0.03694576906324721,7
Edge179,0.024687530998760445,0.007460080105907999,0.013330204484272135,0.0361737224879387,7
Edge206,0.02457614058159127,,0.02457614058159127,0.02457614058159127,7
Edge320,0.024083339322116593,0.004851767260273155,0.017687229158229355,0.02963177728369813,7
Edge101,0.024028440880416373,0.012489830568360682,0.011153497882775509,0.06298931854006282,7
Edge203,0.023853788425688475,,0.023853788425688475,0.023853788425688475,7
Edge131,0.023660850203636744,0.009003635815444395,0.014011888527862107,0.04156218884924312,7
Edge265,0.023615736926383954,,0.023615736926383954,0.023615736926383954,7
Edge316,0.023495451429697375,0.009953344374601786,0.009545313144546007,0.050628408179168076,7
Edge45,0.02329323193968805,0.006264766228568858,0.01188413052282093,0.03584544637362333,7
Edge98,0.023277242337471284,,0.023277242337471284,0.023277242337471284,7
Edge227,0.023114606113622364,0.0027151624076139874,0.02119469636317572,0.025034515864069008,7
Edge295,0.02309677948074251,0.003928539150505569,0.019178884491759442,0.029591064115421575,7
Edge230,0.0229496399179161,0.008101799364245153,0.010795077557251563,0.039240037929611,7
Edge318,0.022759999185253472,0.008750133108201694,0.005104973676957931,0.03578723507122201,7
Edge52,0.022741094655750898,0.001806411695957586,0.021463768695924597,0.0240184206155772,7
Edge115,0.022699638632373318,0.00818383233728961,0.009372906371799543,0.03420143812395561,7
Edge224,0.022608778678559118,0.006066145831200714,0.018319365825650587,0.02689819153146765,7
Edge24,0.022261943476978047,0.0058795785276917955,0.015530088049625121,0.0298722214210263,7
Edge70,0.022233789584818926,0.007935954019318531,0.0062898517026715025,0.048765980306026524,7
Edge263,0.022121337910695007,0.0060746468189237166,0.015129856891206255,0.027776347613149583,7
Edge35,0.022072440178687903,,0.022072440178687903,0.022072440178687903,7
Edge156,0.02206394721632809,0.008862291772099027,0.00953575791005059,0.0370151831191796,7
Edge216,0.021976896075666937,0.007070770379756795,0.015278766958797005,0.03636272619728487,7
Edge257,0.02191011479678008,0.0063041957125748995,0.01745237525849121,0.02636785433506895,7
Edge127,0.021597160135780863,0.006502940698852389,0.014226719647599697,0.029354317492278684,7
Edge147,0.021433247378327382,0.005028235893767225,0.014964552499271151,0.03270808103921586,7
Edge258,0.021226064221136563,,0.021226064221136563,0.021226064221136563,7
Edge103,0.021185605249424023,0.00926159846198213,0.012125687357395429,0.0385429572717541,7
Edge188,0.021140828875137078,0.007403002165597996,0.011496820611063671,0.02863126656113822,7
Edge86,0.020752435236458998,0.005122708413919156,0.014498237052904006,0.02796649008291206,7
Edge48,0.020729125739880543,0.003760357940484383,0.016126417541611437,0.025829417052244587,7
Edge132,0.020682028684575936,0.005298550910555887,0.015079175298621048,0.029868495820687412,7
Edge281,0.020660673597935685,0.009177397078556816,0.011820466872609648,0.030141673711929284,7
Edge321,0.020416435046857535,0.0033285671984220086,0.018062782609218224,0.022770087484496843,7
Edge270,0.020412637689930176,0.00010518444951170855,0.020338261052405073,0.02048701432745528,7
Edge133,0.020316959356524906,0.0067763375902870505,0.010720910763004873,0.030082023100390307,7
Edge189,0.01975029113268815,,0.01975029113268815,0.01975029113268815,7
Edge32,0.019610399961166265,,0.019610399961166265,0.019610399961166265,7
Edge119,0.01960507667241696,,0.01960507667241696,0.01960507667241696,7
Edge305,0.019423017484660264,0.004088141609530034,0.01126200798637793,0.023369242845627206,7
Edge231,0.019187989281059265,,0.019187989281059265,0.019187989281059265,7
Edge317,0.019108486828815486,0.004270324609437148,0.013905522262338718,0.0284986253020127,7
Edge237,0.01892005989061411,,0.01892005989061411,0.01892005989061411,7
Edge90,0.01781809305771117,,0.01781809305771117,0.01781809305771117,7
Edge169,0.01779608233030412,0.005694694903032801,0.013253082404759902,0.030343328827738665,7
Edge209,0.017657216905562274,0.0001546368938781596,0.0175478721092794,0.017766561701845145,7
Edge60,0.01725301231416949,0.0036845337447239048,0.013210370250083951,0.023224303689011357,7
Edge92,0.017226365375856055,,0.017226365375856055,0.017226365375856055,7
Edge12,0.016744468505564793,,0.016744468505564793,0.016744468505564793,7
Edge64,0.01664765990444641,0.006393678199458545,0.009413616239366918,0.026559931081632834,7
Edge123,0.01664075769955452,,0.01664075769955452,0.01664075769955452,7
Edge187,0.016340509787003972,,0.016340509787003972,0.016340509787003972,7
Edge71,0.01611753732128742,,0.01611753732128742,0.01611753732128742,7
Edge202,0.01604288144321941,0.004845496471257839,0.008275658915999826,0.02516944593502898,7
Edge7,0.01597555695696443,,0.01597555695696443,0.01597555695696443,7
Edge150,0.015444063960139816,0.0064484984881314315,0.01088428695071088,0.02000384096956875,7
Edge59,0.0149561180118618,0.010930062017728046,0.006555034129555735,0.027313411629584634,7
Edge118,0.01457200641764356,,0.01457200641764356,0.01457200641764356,7
Edge15,0.014437366173584024,,0.014437366173584024,0.014437366173584024,7
Edge185,0.014265763004665559,0.0037119394537488315,0.005962524542177364,0.01893730939742945,7
Edge22,0.013369435513071279,,0.013369435513071279,0.013369435513071279,7
Edge109,0.012422223662741238,,0.012422223662741238,0.012422223662741238,7
Edge20,0.07393605810634458,,0.07393605810634458,0.07393605810634458,8
Edge218,0.06696428319475627,0.010403516240314924,0.05750371704263281,0.08161942001113871,8
Edge4,0.052866183413178135,0.017282514984690973,0.027958039210373906,0.08720316781041956,8
Edge6,0.049800510418542554,0.016740694353355613,0.02478827272594323,0.0864282307113298,8
Edge80,0.048352312118155,0.019121593561076605,0.016806742880930575,0.09477209641435787,8
Edge204,0.04822065211374981,0.01590960905851421,0.021291582685996884,0.10433213604660667,8
Edge247,0.046821452069365097,0.029518905413498272,0.02594843387827618,0.06769447026045401,8
Edge259,0.046743736845870965,0.013868488804040653,0.02652624372564261,0.07653278523175983,8
Edge116,0.0464566103345759,0.013129654503507752,0.02666644516674523,0.07761379406621913,8
Edge139,0.04624837390554504,0.015325690288955545,0.02895053031985804,0.07554010471075179,8
Edge294,0.046227808235325824,,0.046227808235325824,0.046227808235325824,8
Edge117,0.046202958136982164,0.017886849719974635,0.022146655215600247,0.08977549704998834,8
Edge323,0.04602389923962384,0.014705433121144976,0.021635584612826702,0.09489653590347256,8
Edge134,0.04566679696367305,,0.04566679696367305,0.04566679696367305,8
Edge54,0.0456030869425048,0.023876557220548395,0.01383438477743273,0.09646671342190752,8
Edge251,0.04553937177502138,0.017933893435524543,0.020240087148425148,0.07929116790439036,8
Edge74,0.044143390380840315,0.019264953129290354,0.014998897800483036,0.10693103126904836,8
Edge201,0.04289794201258377,0.014369222596769298,0.01891176552263136,0.07993018851606021,8
Edge232,0.04223247019441927,0.016357404183839214,0.019607622067532807,0.08027245537897597,8
Edge300,0.04159543401328264,0.012860692265213984,0.02671817823257979,0.058403730753090244,8
Edge153,0.04001718722020949,0.005444102930897112,0.033758534718943654,0.047048885404072524,8
Edge260,0.03928249567343074,0.018887551169223513,0.014503011578950979,0.11317707113296864,8
Edge112,0.038684485922914784,0.012944421784409996,0.02159567350951779,0.05830622590567483,8
Edge67,0.038425092340755515,,0.038425092340755515,0.038425092340755515,8
Edge268,0.03805475966916267,0.016211244688883696,0.021872031673206498,0.06044511990029722,8
Edge135,0.03796659349734479,0.019556176627855384,0.014532478228616993,0.08371104805718929,8
Edge280,0.037642519371540055,0.0112399443387037,0.016754291621853816,0.054847137469989954,8
Edge136,0.03756370365796328,0.015037526187374873,0.01978293384479332,0.07471921764925883,8
Edge1,0.03686709005667311,0.014522543713973504,0.014741887787740387,0.0667097721063527,8
Edge41,0.036853173122933194,0.016537720618063106,0.02543069659112229,0.07608958323075378,8
Edge164,0.03671212844849912,0.008160393421475084,0.030941858923023997,0.04248239797397425,8
Edge28,0.036551381261944293,0.004844470161074167,0.03228721036052461,0.04346650405173465,8
Edge76,0.036218888871645726,0.01702948763225737,0.006851390095161285,0.07975283327681028,8
Edge178,0.03551322562562785,0.012508383118523612,0.012414763763343566,0.06253303784628839,8
Edge149,0.03536398690592402,,0.03536398690592402,0.03536398690592402,8
Edge68,0.03476014770720073,0.011120268176249263,0.017654038159715085,0.06985602770946273,8
Edge197,0.03475181528139071,,0.03475181528139071,0.03475181528139071,8
Edge249,0.033892269806989755,0.009596573172336174,0.027324566483779934,0.04490549217038704,8
Edge130,0.0338496209770396,0.0013278845297614874,0.03291066482141254,0.034788577132666657,8
Edge65,0.033281621980266525,,0.033281621980266525,0.033281621980266525,8
Edge284,0.032735784863769574,0.013097609019380924,0.017101526002729912,0.06121997667772642,8
Edge39,0.032711474097735366,0.009974323113489171,0.013829063371065728,0.05526066332766648,8
Edge34,0.03238810143912802,0.0019084660375856292,0.030340885895234856,0.034784484103172295,8
Edge181,0.032190798937547824,,0.032190798937547824,0.032190798937547824,8
Edge5,0.03149597722601118,,0.03149597722601118,0.03149597722601118,8
Edge311,0.03148371811939874,0.01689383643540227,0.02148425789328885,0.05098895773387969,8
Edge40,0.031378189725959876,9.164185800852453e-05,0.031313389146721514,0.03144299030519824,8
Edge21,0.03123569259429938,0.010153898808413756,0.014177574319937611,0.06460033860149814,8
Edge14,0.031210714001461325,0.0007373888527208456,0.030689301343331046,0.0317321266595916,8
Edge301,0.031029770612393107,0.011578373042403146,0.0164333340315369,0.059745478820757834,8
Edge52,0.03086453595386149,0.0016798136140901078,0.02967672835620889,0.03205234355151409,8
Edge277,0.03070637453169688,,0.03070637453169688,0.03070637453169688,8
Edge315,0.030388410618420035,0.003671267240350252,0.02779243265722035,0.032984388579619724,8
Edge165,0.03029759039701645,0.00974171198927759,0.01747128622998096,0.05988866049707544,8
Edge10,0.029957384018199265,0.011146414479994534,0.009504056429251603,0.043299991525213945,8
Edge269,0.029740233462610413,0.003819474973069002,0.024553773165896818,0.03373457140537964,8
Edge227,0.02954189091113097,0.010351955369030918,0.022221953071148718,0.03686182875111322,8
Edge296,0.02941010827261388,0.010570855682587654,0.011814035299617765,0.05436289818299377,8
Edge238,0.029078029271898488,0.006891230613993225,0.02022813265868762,0.03723400747986409,8
Edge75,0.02902971995574663,0.009254770288458142,0.01146299338441251,0.043584517755130205,8
Edge266,0.028762597547998148,0.009866484888583438,0.012830527721668738,0.05180083571471759,8
Edge203,0.028689351682644793,,0.028689351682644793,0.028689351682644793,8
Edge189,0.028673340410946248,,0.028673340410946248,0.028673340410946248,8
Edge233,0.028544778103034685,0.015525710326292073,0.01913698712366892,0.04646486755324779,8
Edge49,0.02852673567990888,0.009998640522451686,0.018147030400729573,0.052511820831104235,8
Edge114,0.028493319501242877,,0.028493319501242877,0.028493319501242877,8
Edge126,0.028123452613535237,0.0030223729411419558,0.02598631221157903,0.030260593015491444,8
Edge111,0.028025315362806294,0.01311403416277215,0.014123264340714948,0.040175150839289415,8
Edge18,0.02789055165978746,0.002475479300531502,0.024289976894750598,0.029838112672047855,8
Edge194,0.02779119115327909,0.0047753451799439715,0.02441451219403421,0.031167870112523966,8
Edge209,0.027754644538387004,0.005043457656961315,0.02418838142852244,0.031320907648251566,8
Edge79,0.02768261707748738,0.012620229983887449,0.015737880452638704,0.04848000302418619,8
Edge191,0.027659475286145506,0.014725669232338022,0.008331742242827699,0.05115832824192837,8
Edge171,0.027201445726961773,0.00884946907107905,0.007494104382621269,0.043953969891561584,8
Edge168,0.027101374137541403,0.008257444731296042,0.014353398848662118,0.04168084744366642,8
Edge140,0.027083118492987734,0.005191368004585368,0.022757519517281364,0.03508267287744846,8
Edge290,0.02684337447552254,0.014185728531636767,0.014254601161169243,0.05845314772191283,8
Edge69,0.02679479097419179,0.0072168222310578945,0.01698426188821381,0.037172743218936405,8
Edge179,0.02677957436466751,0.004298307423452193,0.019166187233016958,0.03283080834179001,8
Edge152,0.026499149719232347,0.00932112430964973,0.010669917725004452,0.056671835110134475,8
Edge237,0.026179640656640284,,0.026179640656640284,0.026179640656640284,8
Edge93,0.02598154031103164,,0.02598154031103164,0.02598154031103164,8
Edge206,0.025960271730211218,,0.025960271730211218,0.025960271730211218,8
Edge175,0.025430899945442686,0.007437417517280136,0.01553972602175781,0.03549280972363928,8
Edge306,0.025233784423291907,0.003938772430866663,0.022448651727875468,0.028018917118708346,8
Edge254,0.02522692368364705,0.011698213044929523,0.01233125032422642,0.04121120162097822,8
Edge89,0.024798064604039514,,0.024798064604039514,0.024798064604039514,8
Edge320,0.024761577302349402,0.00601313706810727,0.01572610376124354,0.031189705089208968,8
Edge170,0.024708112919608328,0.011953054140779674,0.012300705458639495,0.05144608550803775,8
Edge321,0.024510908143683723,0.00569234518136323,0.020485812265087215,0.02853600402228023,8
Edge211,0.02413063212571687,,0.02413063212571687,0.02413063212571687,8
Edge281,0.023952837030674096,0.006921917769677309,0.01603531668528919,0.028859014374145363,8
Edge58,0.023801167042653767,0.0070430180047823835,0.015152697405956438,0.03553052358738994,8
Edge35,0.023645509452846707,,0.023645509452846707,0.023645509452846707,8
Edge188,0.023485942676965643,0.00732083472589591,0.016598148400589503,0.03443168560290065,8
Edge230,0.023358106180756052,0.0058504023103724025,0.01378275055861327,0.032301611066785585,8
Edge123,0.023244610225839152,,0.023244610225839152,0.023244610225839152,8
Edge101,0.023009742166189475,0.008236981930828644,0.008542044155019708,0.04168249545054609,8
Edge132,0.022722608079123616,0.004076410421886074,0.018508935266925913,0.029985632692118885,8
Edge97,0.022715406091216774,0.007910606534445155,0.005489344648909059,0.03575730523897546,8
Edge115,0.022708171731287027,0.008490270742854293,0.012864908386588561,0.03958566673953598,8
Edge318,0.02251301615742739,0.006096686128411912,0.01398677503119987,0.03362024670773943,8
Edge131,0.022235443331295072,0.010426827959775477,0.0087391843314527,0.04580300331755031,8
Edge295,0.02220015655887311,0.007144101525008489,0.01324785058730382,0.03369162671024105,8
Edge231,0.022102915337208023,,0.022102915337208023,0.022102915337208023,8
Edge244,0.021897954223506808,0.004284368185108911,0.012149955712779706,0.028260461884569495,8
Edge70,0.02168497183077798,0.008040573588156,0.006085366534376722,0.04886692659592641,8
Edge316,0.02157229803348458,0.00812148889107411,0.009820346646729686,0.048023234127937305,8
Edge147,0.02154572194191736,0.006496154548067574,0.009327179148809657,0.03260542317333884,8
Edge92,0.0213751074460488,,0.0213751074460488,0.0213751074460488,8
Edge45,0.021219830646224694,0.005788904767102023,0.012248210098089941,0.03234492441174021,8
Edge305,0.021129744175756946,0.0036949817094226894,0.014717936678154854,0.02516547427852805,8
Edge224,0.021101663135984335,0.0041131687066518745,0.018193213651346494,0.02401011262062218,8
Edge216,0.021083824121474144,0.008760110645483576,0.011851789910270376,0.033743331051066916,8
Edge86,0.020755426270732295,0.004350642327343148,0.014506772280275238,0.025847252786220236,8
Edge119,0.020742917336303564,,0.020742917336303564,0.020742917336303564,8
Edge257,0.02071630408245364,0.008412375944254034,0.014767856006381027,0.026664752158526255,8
Edge71,0.020672211991979265,,0.020672211991979265,0.020672211991979265,8
Edge317,0.020454619724104724,0.0066655770362397,0.009252413154340151,0.03218611172974908,8
Edge15,0.02033786605356736,,0.02033786605356736,0.02033786605356736,8
Edge12,0.020146709815874058,,0.020146709815874058,0.020146709815874058,8
Edge7,0.019955144800350155,,0.019955144800350155,0.019955144800350155,8
Edge11,0.01972571305640343,0.007250272233385498,0.011857905362573369,0.027861424147400827,8
Edge118,0.01962704063133494,,0.01962704063133494,0.01962704063133494,8
Edge109,0.019333219634439867,,0.019333219634439867,0.019333219634439867,8
Edge90,0.019131994131698388,,0.019131994131698388,0.019131994131698388,8
Edge145,0.01912947236248784,,0.01912947236248784,0.01912947236248784,8
Edge263,0.018934316657507923,0.006631286689876901,0.012578964970115285,0.02549680359584859,8
Edge60,0.01885608492797532,0.008773751902592844,0.010028030344516421,0.029797519014380516,8
Edge48,0.01859938122983219,0.007937195168247,0.009944542465031417,0.030267962649465206,8
Edge22,0.018397956680468,,0.018397956680468,0.018397956680468,8
Edge270,0.01839431135374371,0.0011216866479564715,0.017601159118607282,0.019187463588880137,8
Edge156,0.01837038197711339,0.005445316300309919,0.012103183707918748,0.029177715983617136,8
Edge24,0.01825706876748613,0.003876753218058429,0.012758712724106452,0.021649367626799917,8
Edge325,0.01799413002769551,,0.01799413002769551,0.01799413002769551,8
Edge265,0.01793381018935879,,0.01793381018935879,0.01793381018935879,8
Edge127,0.017694087958140384,0.005648593510491113,0.010722675126845972,0.026022196425958495,8
Edge150,0.01756036458566783,0.00273637469169426,0.01562545548530357,0.01949527368603209,8
Edge133,0.017384861702913926,0.005554730132869802,0.008180017878128646,0.024598100214527477,8
Edge258,0.01725638978729559,,0.01725638978729559,0.01725638978729559,8
Edge32,0.01706166299805869,,0.01706166299805869,0.01706166299805869,8
Edge202,0.016940541040395385,0.004278252087861677,0.00884787503683985,0.02566755185990888,8
Edge103,0.016288990979085708,0.004600185051618748,0.011034915657100757,0.02320661060909303,8
Edge98,0.015639348094581222,,0.015639348094581222,0.015639348094581222,8
Edge64,0.015187752090030695,0.004026324760101106,0.008466546323373656,0.019014248115823924,8
Edge169,0.014425246346347648,0.00606805849126532,0.008247122054750283,0.023595305233685818,8
Edge185,0.013265490609636187,0.004204342637420975,0.006705388088039327,0.020152518994348067,8
Edge163,0.012994157457765927,,0.012994157457765927,0.012994157457765927,8
Edge187,0.012603676015674373,,0.012603676015674373,0.012603676015674373,8
Edge59,0.01195622767807303,0.0011173015368245197,0.010927987372234693,0.013145184203217012,8
Edge20,0.09598805545057645,,0.09598805545057645,0.09598805545057645,9
Edge218,0.07706765010881378,0.016932517960090928,0.0525748655841966,0.0909250502684526,9
Edge134,0.05580769230399213,,0.05580769230399213,0.05580769230399213,9
Edge4,0.053817874909339085,0.019112660400479205,0.03051492430074502,0.10507328375086443,9
Edge6,0.05105418590844801,0.01798144575867399,0.026884443851309812,0.09433253116994555,9
Edge204,0.04877258115728537,0.015544639318953155,0.025889096937691897,0.1044799211856161,9
Edge259,0.04843587466460357,0.014951387488410656,0.019760890257982004,0.07533972962929175,9
Edge89,0.04810372875996016,,0.04810372875996016,0.04810372875996016,9
Edge116,0.047924468029486085,0.013196218926039702,0.025815457068163503,0.08378380873705098,9
Edge117,0.04748764003004602,0.018168384224177776,0.02207320303235875,0.09871452955384177,9
Edge251,0.04729706779283766,0.018202511253989806,0.018194420133954618,0.08708119547463276,9
Edge139,0.04712435215397995,0.019849184049155724,0.024725416791674053,0.08208844064193142,9
Edge80,0.046869125610040425,0.01780344113039034,0.016637768516024644,0.09556738081979002,9
Edge247,0.04541107277188648,0.033447358885094515,0.021760218491456033,0.06906192705231694,9
Edge323,0.04531155825245475,0.01529549487024803,0.018407852818410845,0.09842048198344457,9
Edge74,0.044793754993941226,0.021580966663662507,0.012444358943664366,0.11011188707070775,9
Edge300,0.04328014709260056,0.013702577468437123,0.02468688693294824,0.06399432971993288,9
Edge232,0.04317245586752942,0.020076234781966004,0.018729849760980504,0.09651935443715859,9
Edge268,0.043102079575958144,0.014396660804595002,0.024842828208404517,0.06003630253841522,9
Edge260,0.04196826368240511,0.017730247418404642,0.015861237829989057,0.11230418783371623,9
Edge201,0.0418691196362506,0.017322959197556456,0.013210764955457997,0.08455095005500843,9
Edge153,0.041206413383586986,0.011091641045483096,0.027317666182415344,0.05423488825409494,9
Edge54,0.04111287818750414,0.025022772092289473,0.010910275623127946,0.10179068317442565,9
Edge178,0.040499708438258786,0.010920181974029913,0.025246246117249536,0.06394292121944133,9
Edge67,0.03996806863982421,,0.03996806863982421,0.03996806863982421,9
Edge112,0.03995223713815421,0.011880605995188635,0.016437140774487945,0.053336993592325396,9
Edge149,0.039706455871926505,,0.039706455871926505,0.039706455871926505,9
Edge311,0.03959623103334913,0.006201497763871387,0.03362252861077681,0.04600283867459007,9
Edge130,0.039275455882109386,0.0014383948150759273,0.03825835715434563,0.040292554609873146,9
Edge136,0.03898226002135534,0.013047148788032044,0.01769685819926096,0.06746439799841321,9
Edge135,0.038585025966130046,0.022552612665622036,0.011585169355160132,0.08573288882786713,9
Edge280,0.03810155038416127,0.008689781422630261,0.02696026831433606,0.05491247590578607,9
Edge1,0.03701272126219234,0.015919754179940605,0.008673192355999193,0.06768583279638034,9
Edge40,0.035265243985168726,0.003111227826223516,0.0330652736914298,0.03746521427890766,9
Edge76,0.03526402342638126,0.017155856352822914,0.007847950970705246,0.07889045908852639,9
Edge249,0.03457547900847427,0.007005564137099656,0.027413688935397564,0.04141359695585275,9
Edge294,0.03426399813220519,,0.03426399813220519,0.03426399813220519,9
Edge68,0.03404669754649435,0.01160104405089541,0.011892103552035524,0.06202769819577989,9
Edge49,0.03370053139124393,0.010296238728843646,0.014860524880626665,0.05245039235853689,9
Edge301,0.033520946578961076,0.013660527708165369,0.017773911271490916,0.06726289512636145,9
Edge41,0.03344553029585875,0.010677338531142394,0.021261461855716014,0.05630555510542622,9
Edge284,0.03331771171262157,0.013870230428432828,0.011405303756791918,0.06531987443658457,9
Edge238,0.03298516719233904,0.004030203631487625,0.026601050006719976,0.036481581302041134,9
Edge39,0.03276767297985142,0.009200562023028026,0.01578424959405727,0.054080657366280885,9
Edge71,0.03246570153284976,,0.03246570153284976,0.03246570153284976,9
Edge211,0.03245287150146278,,0.03245287150146278,0.03245287150146278,9
Edge79,0.0322599555756307,0.007041040150139433,0.024415514907704428,0.04288205505758385,9
Edge164,0.030679942408547503,0.009866895710485553,0.02370299354240271,0.037656891274692295,9
Edge277,0.030674227969300923,,0.030674227969300923,0.030674227969300923,9
Edge10,0.02995627087241502,0.013359748324144943,0.007164642024101976,0.04566322218708729,9
Edge34,0.029918175983422023,0.010315460808044581,0.020716959116862534,0.041648050504876584,9
Edge28,0.029663097285234294,0.007208471922532179,0.01969298728547299,0.03668348467527011,9
Edge21,0.029503708254583278,0.0105850221644584,0.011980902642222754,0.06040139560212683,9
Edge165,0.029299802294221352,0.009774516792907242,0.012800287688711115,0.055644526848194105,9
Edge18,0.02891066471903342,0.008153246687036606,0.020223354313925555,0.03969432084241226,9
Edge203,0.028605879379341708,,0.028605879379341708,0.028605879379341708,9
Edge191,0.028500179892869668,0.013861444994974978,0.007516136248577757,0.046970582681885885,9
Edge75,0.028423301357070153,0.009633819410925669,0.014720112914742825,0.044486622481018014,9
Edge111,0.028373784966910575,0.011828958168715037,0.015869057618103335,0.039385150301978374,9
Edge65,0.028325450595965234,,0.028325450595965234,0.028325450595965234,9
Edge14,0.02811383587825042,0.010883327614767896,0.020418161119973226,0.03580951063652761,9
Edge52,0.028112583083274002,0.00025578652279467255,0.02793171469846976,0.02829345146807824,9
Edge170,0.028094175474614777,0.008957153354036653,0.017701257664444827,0.046809932644358974,9
Edge254,0.02777262967749135,0.013440148561140876,0.010681720386608548,0.045891119790641595,9
Edge168,0.027560546732982905,0.011349940206412456,0.011919530874591312,0.044140160593447664,9
Edge266,0.02739858479861662,0.01129932760766389,0.0129895593735031,0.05667020217012591,9
Edge115,0.02734733890756654,0.007714855003785229,0.013593552239599951,0.03809001608510917,9
Edge296,0.02690661435712106,0.011730809646123485,0.013530602686550755,0.05025090981739323,9
Edge171,0.026892816300918432,0.0077978579954600625,0.013096475156385227,0.049146242669471554,9
Edge175,0.026427108397373476,0.006905297596554761,0.01697327355490946,0.04095450000028918,9
Edge163,0.02596508542530429,,0.02596508542530429,0.02596508542530429,9
Edge152,0.025502927744935656,0.010390796213305825,0.013459462209591669,0.056312266743267066,9
Edge11,0.025295733782137175,0.005789114485994023,0.01834237323617635,0.030353273098576175,9
Edge257,0.025275550677554694,0.014065692327391698,0.01532960425077243,0.03522149710433695,9
Edge69,0.025116088595381524,0.010147367700460968,0.01110669719920651,0.03924473687431987,9
Edge306,0.02496667369980156,0.005380012333210442,0.021162430496121196,0.028770916903481922,9
Edge269,0.024927907129608264,0.00530026738330724,0.017700680094976287,0.02927613940875394,9
Edge233,0.024778255647537207,0.020289402968611675,0.011732074869833969,0.04815387546550786,9
Edge5,0.02476881220182808,,0.02476881220182808,0.02476881220182808,9
Edge290,0.024706369412168083,0.009038525706644299,0.013876786609517704,0.04309672502404405,9
Edge179,0.024539776858620684,0.006655024696108342,0.01369245908146156,0.034239072872959304,9
Edge206,0.024454298426680066,,0.024454298426680066,0.024454298426680066,9
Edge189,0.024385597063536945,,0.024385597063536945,0.024385597063536945,9
Edge127,0.024150556021265847,0.004570998120895904,0.017345058803210914,0.029831103899518464,9
Edge265,0.02376756255060734,,0.02376756255060734,0.02376756255060734,9
Edge12,0.023746514778840024,,0.023746514778840024,0.023746514778840024,9
Edge281,0.02348404624956864,0.012268431471990353,0.010502050454039727,0.0348857721642951,9
Edge216,0.023459827180475228,0.0069307040550508365,0.012099521388806097,0.03584159381233803,9
Edge58,0.023233170967974483,0.007418905901703795,0.010550831109182954,0.03710560710490491,9
Edge227,0.023080217378160333,0.012474735611800134,0.014259247233547144,0.03190118752277352,9
Edge197,0.02307917270001919,,0.02307917270001919,0.02307917270001919,9
Edge97,0.022639332673519565,0.00937038128532328,0.010430203400101536,0.04232022942787338,9
Edge321,0.022296478859938428,0.0025603091218126183,0.02048606691797095,0.0241068908019059,9
Edge295,0.022085944550959632,0.006094583365067797,0.01693945593019387,0.0327613800568724,9
Edge101,0.02205895500135182,0.007239083314044316,0.009568407956800811,0.03993856029505358,9
Edge140,0.022033359946927383,0.005247116520107938,0.013799426965345783,0.027135912025080065,9
Edge315,0.021766518781210074,0.008296582784425655,0.015899948833667125,0.027633088728753023,9
Edge316,0.02172392523032036,0.007318021630077294,0.012631400378276432,0.04004169380588499,9
Edge244,0.02171620524465816,0.005541533430761114,0.014684984536502266,0.029569369538804055,9
Edge86,0.021678768554866567,0.008923360307368958,0.010837166931351623,0.03301060228616021,9
Edge132,0.021640309023015294,0.008534238648347738,0.012819870590447095,0.03489239159917477,9
Edge230,0.021621761704163026,0.0032702109907512735,0.017379540623335722,0.02686810301834663,9
Edge15,0.02160963718947684,,0.02160963718947684,0.02160963718947684,9
Edge194,0.021600612005929522,0.004124187017864494,0.018684371398716013,0.02451685261314303,9
Edge114,0.02148079387714556,,0.02148079387714556,0.02148079387714556,9
Edge131,0.021409311964589544,0.008361792321335307,0.011501307087279379,0.03726604535695205,9
Edge126,0.021383141052925627,0.006642115377201153,0.01668645622828325,0.026079825877568005,9
Edge237,0.02120893359555982,,0.02120893359555982,0.02120893359555982,9
Edge188,0.021190873877198476,0.004861778971231167,0.016167884327552333,0.028835920266128426,9
Edge147,0.0210595135249267,0.0071616800135269314,0.010354949507655484,0.03730740488114792,9
Edge325,0.02100070820442352,,0.02100070820442352,0.02100070820442352,9
Edge45,0.020894904026545338,0.005453242920159527,0.006953053779532998,0.031290931579128364,9
Edge318,0.020859982743264442,0.008212893434643797,0.007878010212791865,0.0391670754290028,9
Edge70,0.020844766567969502,0.0075816471640496085,0.00793964009056735,0.040519494318488634,9
Edge93,0.020728092086256943,,0.020728092086256943,0.020728092086256943,9
Edge64,0.020460163373144873,0.004404423393224343,0.017206276679417137,0.028021730284363163,9
Edge270,0.02039002530256776,0.0023001612389003966,0.018763565692718844,0.022016484912416683,9
Edge320,0.020341102087885646,0.0022614617001039147,0.01637565969294031,0.02215761574253907,9
Edge181,0.020327066247001473,,0.020327066247001473,0.020327066247001473,9
Edge317,0.020155943016468437,0.006019017296528622,0.011361295390267642,0.03193866747201276,9
Edge103,0.01990247576726509,0.012076343260543703,0.010240225325036701,0.042727804963076585,9
Edge224,0.019826758974310188,0.0009015886747141613,0.019189239508578815,0.020464278440041565,9
Edge90,0.019819936593623144,,0.019819936593623144,0.019819936593623144,9
Edge156,0.019758462046354976,0.005655939633811811,0.015635273270151635,0.03185929151941226,9
Edge202,0.019407460194039487,0.0064712130166490614,0.00937260914863053,0.03255779164745989,9
Edge209,0.01928482344020688,0.005478585720114568,0.015410878326202084,0.023158768554211676,9
Edge145,0.019196163572367805,,0.019196163572367805,0.019196163572367805,9
Edge24,0.019092408123399435,0.004272424959423204,0.012870546347431193,0.02261099240734468,9
Edge305,0.018906785007884636,0.006071055095195306,0.006952692517812072,0.02492517237631654,9
Edge187,0.01800216071268168,,0.01800216071268168,0.01800216071268168,9
Edge109,0.01762221097074212,,0.01762221097074212,0.01762221097074212,9
Edge32,0.017115068520481006,,0.017115068520481006,0.017115068520481006,9
Edge133,0.016545432124333313,0.0038764100384178924,0.012584544351750526,0.02387722867569048,9
Edge22,0.016535636761338148,,0.016535636761338148,0.016535636761338148,9
Edge169,0.016369440116545047,0.006854579059594352,0.00991114845893155,0.027302479712048387,9
Edge119,0.016006985549245494,,0.016006985549245494,0.016006985549245494,9
Edge263,0.015745268052635198,0.006053860128254001,0.006751348413065523,0.01950957536482834,9
Edge48,0.015409125382759759,0.005419280460979865,0.01033638402585818,0.02310813387298669,9
Edge185,0.014783157157581354,0.0058613081091676055,0.008012496426896385,0.02695963937709306,9
Edge7,0.01459092641891928,,0.01459092641891928,0.01459092641891928,9
Edge59,0.014535908401722064,0.00430735194309975,0.010376396464750052,0.018977258343855042,9
Edge60,0.0144940324508016,0.007132520603714918,0.009260608736905361,0.0267765487028777,9
Edge118,0.01411181105016177,,0.01411181105016177,0.01411181105016177,9
Edge92,0.013643373552289301,,0.013643373552289301,0.013643373552289301,9
Edge98,0.013067879553221426,,0.013067879553221426,0.013067879553221426,9
Edge35,0.012814281289969722,,0.012814281289969722,0.012814281289969722,9
Edge123,0.012450942425501016,,0.012450942425501016,0.012450942425501016,9
Edge258,0.012051273176619009,,0.012051273176619009,0.012051273176619009,9
Edge150,0.009350702858643119,0.0023823003840360924,0.0076661621022678815,0.011035243615018356,9
Edge231,0.009188239440457682,,0.009188239440457682,0.009188239440457682,9
Edge218,0.07807018873773712,0.014217143517117926,0.05681868046280575,0.08638023633707442,10
Edge20,0.07472974447151985,,0.07472974447151985,0.07472974447151985,10
Edge4,0.055903075155097244,0.018421057746882526,0.026558438319542507,0.08593127904641988,10
Edge139,0.05380055738089061,0.017286221554552235,0.03025319679125194,0.08891752176189871,10
Edge294,0.05241342403380343,,0.05241342403380343,0.05241342403380343,10
Edge116,0.05184943317004946,0.016578428424470933,0.022878709465553777,0.08727986762767408,10
Edge251,0.05060617643112331,0.022006395521586654,0.011075679139749628,0.10819315074188271,10
Edge268,0.050466864971351055,0.026680034239763378,0.0291019496457932,0.08777217690036888,10
Edge6,0.050271033304636496,0.018919234816854494,0.02313461088287063,0.08621794051117498,10
Edge149,0.04906759416624191,,0.04906759416624191,0.04906759416624191,10
Edge204,0.04861850473254265,0.01861295220547924,0.02266709939301847,0.129901397694744,10
Edge323,0.04728618929176415,0.015198261196919619,0.017997744244585806,0.09040520792279103,10
Edge259,0.047038868561378504,0.01584714145181466,0.026375459282069826,0.08733746381775713,10
Edge80,0.0469576012974733,0.02025565962584859,0.01507104935585968,0.10134213564429913,10
Edge247,0.04692775131988618,0.02851001854640493,0.026768123873969017,0.06708737876580334,10
Edge117,0.04690488203881712,0.02204220667676681,0.016522509851112196,0.10676375499094717,10
Edge74,0.045726498086207816,0.022287252897020826,0.020911167399066562,0.10986755195265922,10
Edge300,0.04510820914994769,0.01479493217194624,0.019582102612642597,0.06320471857718725,10
Edge134,0.04400940679730691,,0.04400940679730691,0.04400940679730691,10
Edge112,0.04243973449010332,0.012886281297236653,0.0234423724872423,0.058652304926129856,10
Edge201,0.041968318993138555,0.017018873347031796,0.017744050611254916,0.09082419229912311,10
Edge89,0.04176525867145186,,0.04176525867145186,0.04176525867145186,10
Edge260,0.041052597756490894,0.022692830378877062,0.015308484926762648,0.130224507722342,10
Edge232,0.04069367995911524,0.019110374347464983,0.013518211632228529,0.08886600305212922,10
Edge54,0.04065495582536404,0.026224652884043787,0.015309419672456878,0.10565047595779364,10
Edge136,0.04038216662362561,0.011675876972820765,0.022755547885997818,0.06715829211637854,10
Edge280,0.040336438586821496,0.013756115571383409,0.023219037439730174,0.07428697016468891,10
Edge311,0.03962597126576297,0.005188801536110364,0.03364677521021124,0.042948093395067236,10
Edge14,0.03853975037168071,0.0030288150219481935,0.036398054730701464,0.040681446012659966,10
Edge49,0.03828638054176252,0.013639079589688534,0.025482238597717134,0.06534569557833132,10
Edge1,0.03800633998806377,0.01553726777089343,0.008652271502407152,0.06627227823131306,10
Edge135,0.03788241832162793,0.021097277876832778,0.009543460061353025,0.06796431649568652,10
Edge153,0.03773098948345573,0.008597882554785354,0.028016186659340064,0.047070170825099344,10
Edge277,0.03638093676367034,,0.03638093676367034,0.03638093676367034,10
Edge41,0.036366646055026236,0.012129445594900123,0.019245257074909195,0.05776638309398906,10
Edge76,0.03586820363941992,0.01992166374445359,0.005316330314359147,0.08017833822516579,10
Edge249,0.03559522603638017,0.009003298595619338,0.026323973238401747,0.0443042158206892,10
Edge178,0.035427161761492805,0.01280595216586254,0.012710100205893464,0.05346065300209511,10
Edge211,0.03371456876967256,,0.03371456876967256,0.03371456876967256,10
Edge39,0.033277011203263235,0.011876849915932037,0.013150039794409277,0.06663025026045485,10
Edge189,0.03324052199543105,,0.03324052199543105,0.03324052199543105,10
Edge284,0.03305364458007953,0.012346052341018961,0.015775937821902897,0.06640111527449802,10
Edge68,0.03265663649556455,0.012494550877666355,0.009495094793853754,0.0692608237791453,10
Edge301,0.03246512836550906,0.015241572136349895,0.014547930319377966,0.07167282221984854,10
Edge10,0.03142466717319768,0.010611639498462914,0.01814348573363434,0.049791522807681676,10
Edge67,0.03134779742628408,,0.03134779742628408,0.03134779742628408,10
Edge34,0.031232939286848508,0.005762539093161828,0.022777214374584027,0.034969710633333005,10
Edge203,0.031127824325711057,,0.031127824325711057,0.031127824325711057,10
Edge114,0.030453770109247758,,0.030453770109247758,0.030453770109247758,10
Edge165,0.03026628273176022,0.009560780553481477,0.010011829638774157,0.05365857678154379,10
Edge28,0.02920440206466407,0.006698348635404918,0.023083190860372922,0.03766918060331592,10
Edge21,0.028896006662651533,0.008153807040670398,0.012156341903538998,0.05543394460258049,10
Edge238,0.028867725008571994,0.007114484533612867,0.020196412931302362,0.037935786602736915,10
Edge65,0.02885925693069288,,0.02885925693069288,0.02885925693069288,10
Edge111,0.02880395017510479,0.008798431746518622,0.020932694669112347,0.03830239230282937,10
Edge71,0.02832781869022515,,0.02832781869022515,0.02832781869022515,10
Edge170,0.028238381433440537,0.006850359277506124,0.019176793663412812,0.041084046211721674,10
Edge75,0.0280886751504318,0.008744939070031661,0.015807310213557958,0.04603175073663546,10
Edge315,0.02802088901553497,0.003856153000099063,0.025294177079872072,0.030747600951197863,10
Edge130,0.027776440947456016,0.00538025515918848,0.023972026039879937,0.0315808558550321,10
Edge233,0.027763893014034393,0.017255334158098982,0.017607558913512605,0.047687369597497725,10
Edge40,0.02746504610169454,0.001292067268789529,0.02655141657418428,0.0283786756292048,10
Edge266,0.02709351568707607,0.010145515012608497,0.007693945022601335,0.0533590367306632,10
Edge296,0.027059901522690704,0.007892605473524062,0.01603230987058802,0.04357436232200852,10
Edge290,0.027057052938139276,0.009948472739672618,0.014336236218237453,0.04702698252958841,10
Edge11,0.02702921349655537,0.011419711805847018,0.01634055185512588,0.040303782300512014,10
Edge194,0.026900178033273624,7.671960383991986e-05,0.02684592908114847,0.026954426985398777,10
Edge164,0.026697186432227262,0.0028527146109489166,0.02468001258603534,0.028714360278419185,10
Edge168,0.026654455127035976,0.009368924987154133,0.01225647643767222,0.04704000815533369,10
Edge152,0.026627986546653475,0.012246077434561653,0.0051772112859747145,0.06414078919123692,10
Edge86,0.026335395698515163,0.011157915757165012,0.016973292409608157,0.04402691682575099,10
Edge188,0.02627285193582719,0.005979248752716463,0.019683799740508705,0.032899923689971175,10
Edge191,0.026017596138559064,0.009612693207130431,0.008359945212446224,0.03959615113845096,10
Edge69,0.025909615001770213,0.004741834291085657,0.020919184658179373,0.03371504962726136,10
Edge93,0.02576205633094727,,0.02576205633094727,0.02576205633094727,10
Edge79,0.025719245589770012,0.00725978253622027,0.01608850836554375,0.035140995840036535,10
Edge179,0.024879201942973068,0.008117664821921307,0.016346941644121607,0.038400805491497894,10
Edge171,0.024747423793228848,0.008293668995194417,0.010366712438738743,0.04237848714717233,10
Edge230,0.02469645283515038,0.0069371226241296755,0.014672745042461242,0.03960366420701116,10
Edge206,0.024116864949173603,,0.024116864949173603,0.024116864949173603,10
Edge5,0.024031453217027886,,0.024031453217027886,0.024031453217027886,10
Edge175,0.023956307410911263,0.010750989577484917,0.010215876246059484,0.044450398146103576,10
Edge181,0.023947878704172414,,0.023947878704172414,0.023947878704172414,10
Edge52,0.023916774122321155,0.004144225672830354,0.02098636404629543,0.02684718419834688,10
Edge115,0.023916090397135516,0.006988301106477888,0.009701178696824951,0.03240010453130145,10
Edge7,0.023879302879989236,,0.023879302879989236,0.023879302879989236,10
Edge118,0.023740527203928476,,0.023740527203928476,0.023740527203928476,10
Edge58,0.023598707597814295,0.006394689803823732,0.013032043080693695,0.03486342478219499,10
Edge254,0.023520961096828438,0.012640186478834792,0.011307609014596591,0.04458080340370836,10
Edge321,0.023500937062954565,0.003565028026895291,0.020980081570016806,0.02602179255589232,10
Edge97,0.023165112233806462,0.008719468231936927,0.011133818327933167,0.0399070877078299,10
Edge269,0.022971961639468193,0.007225566843643125,0.01247644915980126,0.029014347742475032,10
Edge216,0.0226542025573796,0.005066494703238404,0.014761803228255125,0.029521899764836892,10
Edge45,0.02261774348425566,0.00826199022315531,0.011256476822202958,0.03619354725075256,10
Edge257,0.022607415763997326,0.0007791952457879601,0.02205644152183234,0.02315839000616231,10
Edge126,0.02246740491672912,0.007856280416388282,0.01691217575939789,0.028022634074060346,10
Edge140,0.02228810495335329,0.0052469731569757955,0.013464729916870524,0.0296261088000118,10
Edge244,0.021797677596039306,0.008706859638361061,0.008506446388248847,0.04170648043063606,10
Edge305,0.021783291326449777,0.0033555195893193116,0.016719474071251513,0.02574829800888293,10
Edge18,0.021662040841113055,0.0012728443101001129,0.019813989004303253,0.02266997557954029,10
Edge48,0.021542925248432983,0.006498093106044941,0.017193438198942788,0.03266235249223403,10
Edge281,0.021389624468341018,0.0060538105015346625,0.017166429868860765,0.028325337450740715,10
Edge156,0.021384956626129388,0.007721498288856868,0.007544116693131892,0.031589558524714303,10
Edge227,0.0213762275277106,0.01589857738649678,0.010134235646499628,0.03261821940892157,10
Edge145,0.02135663914265136,,0.02135663914265136,0.02135663914265136,10
Edge35,0.02134359974598445,,0.02134359974598445,0.02134359974598445,10
Edge147,0.021191515219273625,0.006864280841748046,0.014086375701317003,0.03540393044822301,10
Edge295,0.021186258290571542,0.005126546342247007,0.014805552899984753,0.027338108281463425,10
Edge101,0.021181875812624356,0.011221245255737297,0.0073909906243583064,0.04482418596097522,10
Edge119,0.020999222763486387,,0.020999222763486387,0.020999222763486387,10
Edge224,0.020948693013965243,0.0003260115376374071,0.02071816804495678,0.02117921798297371,10
Edge237,0.020690023865656895,,0.020690023865656895,0.020690023865656895,10
Edge15,0.02066605291902718,,0.02066605291902718,0.02066605291902718,10
Edge70,0.020647121508713437,0.00841741390960766,0.008468579321294835,0.05283876344466457,10
Edge197,0.020568879637746156,,0.020568879637746156,0.020568879637746156,10
Edge258,0.020474234395141854,,0.020474234395141854,0.020474234395141854,10
Edge127,0.02034227720965435,0.0060506620854543875,0.01214832933755236,0.027952316449539903,10
Edge92,0.020252774685119514,,0.020252774685119514,0.020252774685119514,10
Edge320,0.020087173357637194,0.004933573985419186,0.012786980282125136,0.025415787529981353,10
Edge163,0.019856362678404717,,0.019856362678404717,0.019856362678404717,10
Edge22,0.01985326577300957,,0.01985326577300957,0.01985326577300957,10
Edge263,0.01960666774674323,0.010173352222342712,0.010818325620871993,0.03402643833730022,10
Edge132,0.019541660007308153,0.004055157444387609,0.013152881586376876,0.023576034764668515,10
Edge316,0.01948980935566184,0.010520591823649558,0.007097466485117973,0.058114878338223486,10
Edge270,0.019482879411533788,0.0030520420914732474,0.017324759752186284,0.021640999070881295,10
Edge265,0.018729529922380684,,0.018729529922380684,0.018729529922380684,10
Edge133,0.018707617043273776,0.005351908733454085,0.01312673957858572,0.02664447419162452,10
Edge318,0.018362299067014153,0.006765686333194192,0.005435007215740398,0.03195471716422351,10
Edge32,0.018222252540550984,,0.018222252540550984,0.018222252540550984,10
Edge24,0.018144817302995747,0.008255475854487314,0.007389167555793562,0.027468954490854007,10
Edge109,0.018047062324270727,,0.018047062324270727,0.018047062324270727,10
Edge317,0.01790933105940298,0.006017587993768588,0.008703265262358695,0.028584101395185597,10
Edge187,0.01735797328423594,,0.01735797328423594,0.01735797328423594,10
Edge59,0.017233989054563238,0.004502703821434304,0.014198585001763414,0.022407382996421,10
Edge123,0.017145167648970974,,0.017145167648970974,0.017145167648970974,10
Edge131,0.016943686657998596,0.007928318747919601,0.0029029990251511206,0.03254664538158314,10
Edge202,0.0167843591498012,0.005542422623804016,0.006081050238687825,0.025991203923060206,10
Edge103,0.01655009353351435,0.006039861980148109,0.009514586834581737,0.02468017038501823,10
Edge325,0.015926390296799157,,0.015926390296799157,0.015926390296799157,10
Edge231,0.015860143517880315,,0.015860143517880315,0.015860143517880315,10
Edge64,0.015522944615456303,0.0031521695782937066,0.010189201163049473,0.018524112945607896,10
Edge209,0.015227493757492477,0.002398791255575183,0.013531292194024271,0.01692369532096068,10
Edge98,0.014684466307675814,,0.014684466307675814,0.014684466307675814,10
Edge306,0.014631155733243778,0.010544145703064518,0.0071753188047878605,0.022086992661699695,10
Edge12,0.01395426675634018,,0.01395426675634018,0.01395426675634018,10
Edge60,0.013822192306305475,0.005038416740730271,0.005970127016616212,0.018269229145486336,10
Edge169,0.013345606707559713,0.009480666937520914,0.006451002879766322,0.0334616302263157,10
Edge185,0.012234947352884263,0.004767564123772133,0.005931537037303698,0.020675910310284346,10
Edge150,0.01129735048290306,0.0024902110203864586,0.009536505383802324,0.013058195582003797,10
Edge90,0.011293649105693,,0.011293649105693,0.011293649105693,10
Edge20,0.101009360048963,,0.101009360048963,0.101009360048963,11
Edge218,0.08018702432085509,0.019368550342637302,0.05818480120193507,0.10154058873576839,11
Edge4,0.05374386298054078,0.02016270250342282,0.02368497376676843,0.0967394241514213,11
Edge251,0.05046557766080447,0.020681231802445528,0.02920370490161174,0.10828100277563252,11
Edge247,0.05045000651929102,0.02839057660835354,0.030374837277728058,0.07052517576085397,11
Edge204,0.0501010596411322,0.018458609476391073,0.023788477150565465,0.11304580413848477,11
Edge6,0.04938953231377955,0.020322815179025257,0.024150830349313885,0.10189195340799614,11
Edge116,0.04853325220971394,0.016057702657951565,0.02120420629439427,0.09108116984695556,11
Edge134,0.04804946756679602,,0.04804946756679602,0.04804946756679602,11
Edge139,0.04774800092797035,0.019187916032545035,0.027502153911402018,0.08763734395391948,11
Edge74,0.04749918716058619,0.021884733959222656,0.023784062049785976,0.10795292123227522,11
Edge80,0.04735199477875565,0.018969008057603563,0.02199689986200518,0.0894659633107445,11
Edge323,0.04684188880987301,0.01371838467127735,0.02059534797909352,0.10108083703995424,11
Edge300,0.046652942833834116,0.016994078291602786,0.022740553671178516,0.06966358009736784,11
Edge117,0.04663844616835797,0.022468601964307534,0.015990601093133976,0.11618615382838099,11
Edge259,0.046375358502613775,0.014120029215792598,0.022711393072209807,0.07451928703001034,11
Edge149,0.04475364167384237,,0.04475364167384237,0.04475364167384237,11
Edge232,0.04464068116723529,0.0189000388211199,0.015471967323543192,0.08652835346086185,11
Edge268,0.04382662578867558,0.01981470273383294,0.023519724607993623,0.07102608750940963,11
Edge54,0.04361971203944513,0.02780424143897746,0.01238738839150389,0.10701400622922776,11
Edge112,0.04165141987578915,0.014453683717693407,0.01762601476549775,0.06312518858315157,11
Edge311,0.04145114386690776,0.005721648711779128,0.03510846275195158,0.046224065264208636,11
Edge260,0.04111778452723864,0.02039921779588359,0.014051803137539235,0.11985140866012024,11
Edge294,0.04071337568015832,,0.04071337568015832,0.04071337568015832,11
Edge201,0.040421010510605364,0.01717268677071715,0.012238124108853528,0.07944161532313089,11
Edge136,0.04028416344121672,0.014586117001415922,0.021454322071471625,0.07636591711726556,11
Edge280,0.04022200314017549,0.013689869801597098,0.027941672306336617,0.07638497638714693,11
Edge249,0.03887872107350499,0.017009163902589036,0.020563862629327252,0.054179124069950735,11
Edge153,0.03887534737510768,0.006933872509866615,0.03083603168417289,0.047680583407515936,11
Edge178,0.038615250934704845,0.014363646388015627,0.02173540685241573,0.06818335287599257,11
Edge135,0.03787601892583948,0.017246556586349333,0.014846488086557376,0.06569192825143365,11
Edge1,0.037865495011809254,0.015979612584888163,0.009554984853061266,0.06942341376944856,11
Edge203,0.037442071637195054,,0.037442071637195054,0.037442071637195054,11
Edge76,0.0372929678960502,0.019417684397738035,0.010182948069833301,0.08872956921342966,11
Edge41,0.036288188880895224,0.017429904727116818,0.018385258199466292,0.07672918854537053,11
Edge211,0.036155371476074095,,0.036155371476074095,0.036155371476074095,11
Edge301,0.03468671048331037,0.014053767436754126,0.016237756652785436,0.06391793040445616,11
Edge67,0.03436970106353328,,0.03436970106353328,0.03436970106353328,11
Edge130,0.03416560209129419,0.0009301175534408853,0.0335079096619555,0.03482329452063288,11
Edge68,0.0339340120077222,0.014761433247972338,0.013789628467769335,0.08997704650673466,11
Edge277,0.03347472625101183,,0.03347472625101183,0.03347472625101183,11
Edge34,0.03335005115370101,0.0008364676964123113,0.03219459098131922,0.034169021109503525,11
Edge238,0.03329169300386025,0.008823312615882496,0.01758624642626921,0.038705913916360725,11
Edge49,0.03275250250144872,0.010174949546868471,0.01912686881052791,0.05148887946379134,11
Edge39,0.032469337380668886,0.008859943178757261,0.016034899568424656,0.05090090356522323,11
Edge284,0.03212689886534672,0.012357339904709327,0.010768114298788567,0.05604723463885735,11
Edge79,0.03201762213305384,0.0073653188211935715,0.023344106386162453,0.04012456337830847,11
Edge194,0.03162020910817273,0.012710697190954573,0.022632388930839954,0.04060802928550551,11
Edge191,0.03103931186368151,0.012621854626349821,0.015485312106942156,0.052600747850442366,11
Edge10,0.030812804986729763,0.009214087976604078,0.021040606974558545,0.045174456133951976,11
Edge254,0.030510774482714685,0.01838931151202959,0.011820066981173914,0.05198688822241322,11
Edge197,0.0297017248422566,,0.0297017248422566,0.0297017248422566,11
Edge165,0.029688151329639343,0.007894981067742994,0.015520581455617724,0.04596330001121428,11
Edge227,0.029463958938198302,0.0040869455930850635,0.026574051994987375,0.032353865881409226,11
Edge65,0.029102228219664652,,0.029102228219664652,0.029102228219664652,11
Edge14,0.029051045884099187,0.014884552605007966,0.018526077802170162,0.03957601396602821,11
Edge233,0.029043471632118734,0.016595991840994567,0.017289821121028153,0.0480281464417943,11
Edge28,0.028659631854886302,0.004778211333357652,0.02256848595971387,0.033500208315127754,11
Edge265,0.02843866441035165,,0.02843866441035165,0.02843866441035165,11
Edge12,0.028182697160750544,,0.028182697160750544,0.028182697160750544,11
Edge21,0.0277310492132207,0.009195965289299146,0.012476733716245149,0.051806882837604235,11
Edge266,0.02766806183231369,0.00995691848364797,0.011124546616312141,0.050147943565554604,11
Edge40,0.027552184910855322,0.0008937501612947723,0.026920208111117217,0.028184161710593424,11
Edge237,0.027034907318974843,,0.027034907318974843,0.027034907318974843,11
Edge290,0.027008661412347847,0.009624566248906452,0.012419602986460512,0.042607715527469794,11
Edge52,0.026968905740206474,0.00638686721930272,0.02245270861889945,0.03148510286151349,11
Edge257,0.026739391931948128,0.013536439900058043,0.017167683485492934,0.03631110037840332,11
Edge111,0.026621263996732536,0.011218874071901088,0.018309147949658697,0.03938224389999374,11
Edge269,0.026335082322666563,0.00860292120558405,0.018238842466629823,0.03849591395072288,11
Edge171,0.025984498705833144,0.009557283442666166,0.009236618932160908,0.06093412386294432,11
Edge75,0.02590827189430291,0.011571752074716514,0.009814153872886878,0.05425295781274267,11
Edge5,0.02587452789050551,,0.02587452789050551,0.02587452789050551,11
Edge140,0.02568317862742218,0.006209995158160185,0.014310976716118287,0.03261695949701718,11
Edge315,0.02559360895699451,0.0036589723235828137,0.023006324814815203,0.028180893099173817,11
Edge89,0.025498359891006548,,0.025498359891006548,0.025498359891006548,11
Edge296,0.025477657413464642,0.008850934442121343,0.014280302581123474,0.04183804633681421,11
Edge152,0.02547666990607722,0.012377247472871371,0.011495080933475716,0.0669683049749382,11
Edge18,0.02531142694661028,0.006546447742103741,0.020445321149607655,0.03493166470170783,11
Edge114,0.02524241833381545,,0.02524241833381545,0.02524241833381545,11
Edge181,0.02515251296647009,,0.02515251296647009,0.02515251296647009,11
Edge168,0.02515032582834505,0.009299453784885581,0.00759867814679077,0.04431451467232918,11
Edge98,0.02504929369879935,,0.02504929369879935,0.02504929369879935,11
Edge164,0.024541856201752598,0.002248538427936103,0.02295189943160044,0.026131812971904755,11
Edge179,0.024150564657927413,0.006172603644532406,0.016394260511673798,0.03542841526956756,11
Edge97,0.02414161791436682,0.007733359578740277,0.014960285949596829,0.04482958002744919,11
Edge175,0.023815636496026193,0.008356883552839254,0.016010228088279642,0.04406692331125903,11
Edge320,0.023669886263375208,0.003691199223354491,0.020912988942706556,0.03067643349098059,11
Edge15,0.02361415621269743,,0.02361415621269743,0.02361415621269743,11
Edge11,0.023284800748443704,0.007529135996780645,0.016541147733794087,0.03353084397864044,11
Edge93,0.023197849200943046,,0.023197849200943046,0.023197849200943046,11
Edge206,0.02303943271889437,,0.02303943271889437,0.02303943271889437,11
Edge69,0.02288544878940762,0.007883688310558927,0.01307883923666107,0.0344317363607843,11
Edge58,0.022841598540627315,0.007805932264832131,0.01289277615113362,0.04193693984121253,11
Edge119,0.022830173835215243,,0.022830173835215243,0.022830173835215243,11
Edge231,0.02264764733210107,,0.02264764733210107,0.02264764733210107,11
Edge145,0.022578072376429927,,0.022578072376429927,0.022578072376429927,11
Edge170,0.022365825954051802,0.007561781404175749,0.011210401673133434,0.03311729521686574,11
Edge70,0.022363365171568186,0.008393998528536853,0.006507011154362498,0.0469066129160761,11
Edge321,0.022324826026701085,0.0024576211107457968,0.020587025473705514,0.024062626579696652,11
Edge126,0.022154165646789174,0.005994968037986899,0.017915083094132023,0.02639324819944632,11
Edge216,0.02206973122035625,0.007093479024838038,0.01282609235894642,0.03225548553598852,11
Edge32,0.02200685260317509,,0.02200685260317509,0.02200685260317509,11
Edge101,0.02197896218563587,0.009344988506396913,0.0072233399083248915,0.04532124626520139,11
Edge115,0.02184243863591646,0.0038885108526775713,0.014672325415361554,0.02669682150275773,11
Edge230,0.02174627708171485,0.005575066506882767,0.014105718136367029,0.03025116001155463,11
Edge306,0.021732761206786615,0.013971914468770245,0.011853125739760736,0.03161239667381249,11
Edge86,0.02157572332888236,0.012217919058174029,0.008260195801934031,0.0380716228945645,11
Edge22,0.02150862573045833,,0.02150862573045833,0.02150862573045833,11
Edge188,0.021451348608602462,0.009987280068151805,0.011330044808068249,0.038166032891694096,11
Edge258,0.0213114432044459,,0.0213114432044459,0.0213114432044459,11
Edge35,0.020940351213119882,,0.020940351213119882,0.020940351213119882,11
Edge224,0.020903063855743528,0.0014513597808258323,0.01987679751278016,0.021929330198706895,11
Edge147,0.020663378506020423,0.00938215447404614,0.01327476986616244,0.04421365521129007,11
Edge281,0.020406679105044553,0.0028937797579205587,0.018398490449117306,0.0237236385455914,11
Edge131,0.020289433477237856,0.007770296621122364,0.009412528304014308,0.03382144943182644,11
Edge316,0.020180199324865394,0.009630191182642026,0.0072979228359338205,0.04195861947385577,11
Edge318,0.020032326383381937,0.007815957692789133,0.008176103188346296,0.040845579268479856,11
Edge45,0.019932032112287328,0.005671404110373621,0.009183049743887855,0.02949028686061274,11
Edge244,0.01953199312527439,0.005867591126886207,0.010001691096231731,0.02867553074595859,11
Edge118,0.019509111899459843,,0.019509111899459843,0.019509111899459843,11
Edge187,0.019489868049923427,,0.019489868049923427,0.019489868049923427,11
Edge92,0.019346794109088458,,0.019346794109088458,0.019346794109088458,11
Edge7,0.019211588957153195,,0.019211588957153195,0.019211588957153195,11
Edge127,0.01918542395011074,0.005569382674704603,0.013220436108067392,0.02636221155157685,11
Edge132,0.01914895589489353,0.0023072596175788274,0.01673512451831728,0.022220898625080122,11
Edge109,0.018774217875294787,,0.018774217875294787,0.018774217875294787,11
Edge263,0.01862888130120259,0.008182758392290813,0.009682753369168493,0.027871624282820643,11
Edge305,0.018342519278772586,0.005669430488179037,0.010274499220228725,0.025918679235120506,11
Edge71,0.01785497918518985,,0.01785497918518985,0.01785497918518985,11
Edge156,0.017821581385908482,0.0077403125974764495,0.00672843776904428,0.028540227018873307,11
Edge59,0.017632549949543514,0.006237205668913865,0.012613191660787877,0.02461517737588887,11
Edge103,0.017417802477127858,0.010716367969809173,0.005200288457426662,0.033014645161718564,11
Edge24,0.01703568572502387,0.005431253667557931,0.00976178570571615,0.02165750858967943,11
Edge317,0.01677919616309829,0.006064632178999659,0.006942684596659354,0.03000182365345836,11
Edge270,0.016768900343208628,0.00029321550685263234,0.01656156566996408,0.016976235016453175,11
Edge163,0.01672958376025351,,0.01672958376025351,0.01672958376025351,11
Edge295,0.016573595939582592,0.004559544483262809,0.009542056289093676,0.023049419289552835,11
Edge48,0.016313887695779114,0.00788960200301193,0.006818878577950441,0.026567754373301895,11
Edge64,0.01608120949650823,0.004436111277137548,0.011752852928779147,0.023456770004133536,11
Edge202,0.015224228063546848,0.005629920684054012,0.00787403928547324,0.02727929821853191,11
Edge189,0.015061879249087362,,0.015061879249087362,0.015061879249087362,11
Edge209,0.0148287415547491,0.0032568019030714663,0.012525834844106012,0.017131648265392187,11
Edge60,0.014233179296826829,0.006441390200147996,0.005473500853367372,0.022199357816257467,11
Edge169,0.014021198000791586,0.00488258426659306,0.009422153268002866,0.022434150149643454,11
Edge133,0.013379312695927934,0.004167935708057874,0.0074774027979239415,0.01892447125798192,11
Edge150,0.012283185623215637,0.002817170341248663,0.010291145371161088,0.014275225875270187,11
Edge185,0.012059781997431358,0.004395120276466111,0.0038727466522319085,0.01859844266702397,11
Edge325,0.011953682172980427,,0.011953682172980427,0.011953682172980427,11
Edge90,0.011591453783458749,,0.011591453783458749,0.011591453783458749,11
Edge123,0.010144518251133633,,0.010144518251133633,0.010144518251133633,11
Edge20,0.0951427368320196,,0.0951427368320196,0.0951427368320196,12
Edge218,0.07864237472981747,0.013346947896172046,0.06065504629340847,0.09189228202967875,12
Edge4,0.054305576643782306,0.020380440843277513,0.02723704489264799,0.09150966205188357,12
Edge6,0.05270264772847619,0.02158263136854499,0.0270529505264319,0.09832000593051929,12
Edge116,0.052043799807629375,0.01432838986817794,0.02038633335297714,0.08933881709068654,12
Edge323,0.05022827925736312,0.01762170526444458,0.020122345791611703,0.11511048430435812,12
Edge294,0.05013143022168293,,0.05013143022168293,0.05013143022168293,12
Edge259,0.04988343253330735,0.014459179286936177,0.027165770183755628,0.08078298789561977,12
Edge204,0.04959176903712859,0.01936210509408765,0.024724617820828854,0.13367693816118645,12
Edge251,0.048913513348170075,0.02451205376200015,0.012556905774518873,0.12022533637416859,12
Edge149,0.04834069128113271,,0.04834069128113271,0.04834069128113271,12
Edge117,0.04763193805937595,0.026987415999300327,0.013051474964645362,0.1238662977440367,12
Edge74,0.047291903911001,0.023750007431610185,0.01840409248727622,0.11021001972716815,12
Edge80,0.04711399940453103,0.01886252337159546,0.022620201989424615,0.09021284363203999,12
Edge139,0.04708320079296668,0.01772319755545637,0.030066173437591676,0.08187140198747639,12
Edge54,0.046857065532454084,0.026665012673203675,0.019739854377936614,0.11796023040397811,12
Edge311,0.043500243007999206,0.002570921058539677,0.040635133807280094,0.04560584815639271,12
Edge300,0.043490775659833295,0.015407310003175233,0.025217802854091288,0.06807207723219601,12
Edge232,0.04344041768872513,0.02236749477854181,0.01818617496482799,0.10945576140001023,12
Edge247,0.043129362833580404,0.0286042151219512,0.02290312835032992,0.06335559731683088,12
Edge67,0.04265820675427942,,0.04265820675427942,0.04265820675427942,12
Edge249,0.042387341150133546,0.01615128327694937,0.02382404023273633,0.05322361239213726,12
Edge260,0.04232230628148119,0.01961462609136614,0.01696470882976308,0.123073772223721,12
Edge134,0.04221982988932276,,0.04221982988932276,0.04221982988932276,12
Edge268,0.042094175774228304,0.01901250381755859,0.020753201497431883,0.06590784640056713,12
Edge201,0.04183679012353837,0.018261271995281575,0.011453097022285934,0.0900125829441358,12
Edge112,0.04130308304843632,0.017235317409713607,0.013809994246101626,0.07187885238539046,12
Edge280,0.040607439247354486,0.01508714943534069,0.026846071505600564,0.0789451628965073,12
Edge135,0.03864391077216852,0.021330819070801213,0.014205968161867609,0.07765578092409565,12
Edge136,0.03851297538830052,0.014680812684760179,0.014768218015942493,0.07342321899237929,12
Edge1,0.037302400290752324,0.01731524635581867,0.0037798074245930374,0.06681641285212356,12
Edge277,0.03714431945616269,,0.03714431945616269,0.03714431945616269,12
Edge178,0.036981984939001775,0.014460753409097209,0.014923632229568369,0.0688769991402973,12
Edge65,0.03579964425256879,,0.03579964425256879,0.03579964425256879,12
Edge98,0.03574949407486175,,0.03574949407486175,0.03574949407486175,12
Edge130,0.03532930148607319,0.005531803539745451,0.031417725690927434,0.039240877281218944,12
Edge41,0.03525134939333472,0.014227034601108985,0.025324803037486267,0.06903834996113593,12
Edge76,0.034724787320282655,0.018819768738743362,0.006945357336918465,0.08565415532071935,12
Edge284,0.03408125607392751,0.012920928402464442,0.017994998303235667,0.05996900626341655,12
Edge68,0.033934268650470105,0.014639495004219615,0.012207082680561775,0.08388754870493495,12
Edge153,0.03391038251753812,0.011901051771899781,0.01969331548997881,0.046676942499791436,12
Edge301,0.033317405127709095,0.0136197532761321,0.008944467916459711,0.05508926361310656,12
Edge39,0.033207670778340734,0.010543769476577211,0.01794556844397331,0.060783685326498756,12
Edge34,0.03303510268545469,0.0017282232137391341,0.0304785833955928,0.034169913507071915,12
Edge49,0.03233933801282545,0.010983719046943985,0.015820563812185183,0.056562624871543746,12
Edge145,0.03123416956653622,,0.03123416956653622,0.03123416956653622,12
Edge14,0.031012927234412322,0.00329265738886971,0.02868466686661856,0.033341187602206085,12
Edge306,0.030506227522664638,0.0104607790573928,0.023109339714687968,0.03790311533064131,12
Edge257,0.030363315220192394,0.016986065641788,0.018352353019204275,0.042374277421180516,12
Edge211,0.030199336885704108,,0.030199336885704108,0.030199336885704108,12
Edge10,0.030022703291594035,0.013289549450685062,0.016098232151976526,0.04983515000728241,12
Edge237,0.02996238984892752,,0.02996238984892752,0.02996238984892752,12
Edge79,0.029915836124002292,0.009425707981274845,0.02076596170520483,0.0443025208466396,12
Edge111,0.02928600063596293,0.017798109567759613,0.010975051560359118,0.04652259899096744,12
Edge258,0.029269796930671714,,0.029269796930671714,0.029269796930671714,12
Edge165,0.029154640110426688,0.011550605450957272,0.013515867194337464,0.05520266638685663,12
Edge28,0.029108261321130497,0.005265401206145387,0.02422177185127043,0.03405352876596268,12
Edge206,0.028892197332091602,,0.028892197332091602,0.028892197332091602,12
Edge203,0.028787177652004888,,0.028787177652004888,0.028787177652004888,12
Edge238,0.02862123351311103,0.011361498432156992,0.009943974490754046,0.038382832511253226,12
Edge189,0.027516841007680298,,0.027516841007680298,0.027516841007680298,12
Edge290,0.027254385130918095,0.010541070231055157,0.014744325988741471,0.04355579167528581,12
Edge164,0.027094085981653877,0.001378748536337534,0.02611916354205858,0.028069008421249174,12
Edge69,0.026998787045544155,0.007067996897007109,0.015817752102986825,0.03581218445652158,12
Edge194,0.026885667303420378,0.004367970794681981,0.023797045534475956,0.0299742890723648,12
Edge191,0.026755111553241093,0.016340703021554662,0.005098595656032985,0.053672793138700395,12
Edge21,0.02673930817868535,0.009302585926006452,0.007502262261154658,0.05477674049961311,12
Edge296,0.02655768168543381,0.011814363996699261,0.011715096934815686,0.048846955085645606,12
Edge52,0.02654213577059953,0.004153804968739782,0.023604952109477256,0.029479319431721804,12
Edge266,0.026349051445466,0.011777542149324033,0.007480245476541658,0.05230753822403238,12
Edge168,0.02628670023167634,0.011439331687089454,0.0036384726010952164,0.04997900500692275,12
Edge126,0.0261904988542978,0.0019160748101524545,0.02483562936277827,0.027545368345817323,12
Edge24,0.02599744172498438,0.0061730663130505166,0.020205902331461682,0.03350072494442875,12
Edge75,0.025947276220716544,0.011760629687651998,0.012634940368669184,0.05781040112607198,12
Edge175,0.025864209473922664,0.008891666169084475,0.01786067387206368,0.04411303292841192,12
Edge114,0.02585475247970979,,0.02585475247970979,0.02585475247970979,12
Edge315,0.025732964308768806,0.00829863399335051,0.019864943937485464,0.03160098468005215,12
Edge254,0.025674751345952068,0.015433193981323355,0.01279363096719792,0.04505096510417959,12
Edge40,0.025522354672015128,0.005814583751075726,0.02141082307185237,0.029633886272177886,12
Edge93,0.02543307248433665,,0.02543307248433665,0.02543307248433665,12
Edge179,0.025366181968647948,0.007852837978031576,0.01666547451265364,0.03787400323207708,12
Edge152,0.02535549998624715,0.011907389079275967,0.012776840234888297,0.07311389687307235,12
Edge233,0.025064214986908213,0.012904690153126052,0.014341975523566848,0.03938670814101043,12
Edge89,0.02501903370040242,,0.02501903370040242,0.02501903370040242,12
Edge15,0.02500947898163986,,0.02500947898163986,0.02500947898163986,12
Edge171,0.024892766433921642,0.008687089872329197,0.01071315395263937,0.046429885124806544,12
Edge197,0.024422283734729888,,0.024422283734729888,0.024422283734729888,12
Edge269,0.024406802990820278,0.008590021166176971,0.012185028013252656,0.031223727041153365,12
Edge181,0.023838437553349266,,0.023838437553349266,0.023838437553349266,12
Edge244,0.02317541222207684,0.006623967756744188,0.012343872167572491,0.03152317844975453,12
Edge101,0.022997062429048205,0.007162101197410962,0.012553292003385993,0.036916005991434214,12
Edge5,0.022975877302057645,,0.022975877302057645,0.022975877302057645,12
Edge170,0.0229755212397798,0.006124313202276157,0.011840137585185971,0.033312920928462685,12
Edge97,0.022509936966133317,0.0071472650825253605,0.008099679747264684,0.032571599719734216,12
Edge140,0.022482273627685567,0.004941917018161585,0.01450690017303037,0.03000572962219376,12
Edge230,0.022438398100896387,0.003243792694616503,0.01770382223784264,0.027056853603020955,12
Edge263,0.02222266377243667,0.004957377143056915,0.015714290547734478,0.027730697829926182,12
Edge58,0.02217614215230453,0.009297253847460557,0.008874278197845947,0.040234415423980804,12
Edge227,0.02216548978648634,0.0016585417429567403,0.020992723673160674,0.02333825589981201,12
Edge118,0.02205155883207506,,0.02205155883207506,0.02205155883207506,12
Edge321,0.021809246474289126,0.017725445466914118,0.009275463785081803,0.03434302916349645,12
Edge70,0.02153064331170268,0.00978459220863716,0.005622790820426453,0.05496215932180222,12
Edge115,0.02143965575474372,0.006139815572797367,0.010995131568087789,0.02982124070821738,12
Edge18,0.021391471540036875,0.008477897872400343,0.009157376574599587,0.02713750438815243,12
Edge216,0.02069424126519021,0.011588034108108314,0.007135786063243611,0.04075232663036844,12
Edge12,0.020660068701144667,,0.020660068701144667,0.020660068701144667,12
Edge86,0.020652213686697295,0.010441657780992153,0.009935587003834494,0.03452924852845904,12
Edge132,0.020510501230836076,0.006757023199349413,0.011094577408525845,0.029986627062298134,12
Edge127,0.02021069282812808,0.008120338043566844,0.012652498752886564,0.03159432687037052,12
Edge147,0.020144477466822536,0.007977437896371224,0.006943187767432307,0.03831075620407978,12
Edge11,0.019823641849498728,0.007274864752907887,0.011899579613645978,0.026272694534943113,12
Edge316,0.019534961914178035,0.007015791339259289,0.004203961891502996,0.04058736427512542,12
Edge295,0.019516781016538174,0.004856419675726822,0.012744185938857008,0.026523385925806137,12
Edge109,0.019364081964101703,,0.019364081964101703,0.019364081964101703,12
Edge188,0.019199773831406065,0.008858275330460137,0.009357479482483395,0.028983727399529,12
Edge131,0.019177971825455987,0.007757266041036491,0.008841822684561096,0.03575500748121622,12
Edge320,0.019129045792604937,0.006325056798976866,0.012463512295616881,0.030767797979330873,12
Edge318,0.01899931397789349,0.0068569085920544325,0.009040864712611901,0.0308189163950796,12
Edge35,0.018921731028394416,,0.018921731028394416,0.018921731028394416,12
Edge133,0.018891925132644934,0.005458408980624526,0.012248740562600694,0.029501152722004854,12
Edge281,0.017943235971429116,0.0037486170872478163,0.015672663851495936,0.022269996103504535,12
Edge45,0.0177114290707747,0.00629221964696665,0.007861821255747938,0.0316909671766563,12
Edge270,0.017698857690087444,0.007610099971444157,0.012317704394771728,0.023080010985403156,12
Edge317,0.017515000240278914,0.008400261297557256,0.008116101924584583,0.03588528914319301,12
Edge71,0.017049205853203103,,0.017049205853203103,0.017049205853203103,12
Edge163,0.017048002785018012,,0.017048002785018012,0.017048002785018012,12
Edge32,0.016983401174914085,,0.016983401174914085,0.016983401174914085,12
Edge123,0.016717045185011062,,0.016717045185011062,0.016717045185011062,12
Edge305,0.01632575243898857,0.006314463735089089,0.01012788616824199,0.028786409063094712,12
Edge224,0.01573432178589749,0.004957821020113077,0.012228612922666325,0.019240030649128652,12
Edge156,0.015668737953582042,0.0053931936209379175,0.007974500836786016,0.025012938520960336,12
Edge265,0.015614702233419687,,0.015614702233419687,0.015614702233419687,12
Edge48,0.015455940157843531,0.00963373564475489,0.00873294961823543,0.03239483794845778,12
Edge202,0.015097958378638322,0.007638728762815553,0.006052931366122797,0.03217328811613915,12
Edge103,0.015008943793204126,0.005448465593994701,0.008003227745161072,0.022680400435422098,12
Edge7,0.014700552442742074,,0.014700552442742074,0.014700552442742074,12
Edge209,0.014657051579550157,0.002279001531043739,0.013045554142614605,0.01626854901648571,12
Edge231,0.014158073886288019,,0.014158073886288019,0.014158073886288019,12
Edge150,0.014027544914664349,0.0010426065648424917,0.013290310742554611,0.014764779086774087,12
Edge60,0.013997849585570404,0.0030742218180651337,0.010483943396788804,0.018856686593758998,12
Edge64,0.013881284108824072,0.006870664991202578,0.007938087829922858,0.021398100763661446,12
Edge169,0.013648092650493054,0.007286496250413823,0.005751518606361514,0.025166262901619642,12
Edge325,0.013495296544756322,,0.013495296544756322,0.013495296544756322,12
Edge185,0.013017734041613457,0.0032987268548727296,0.00830341323399737,0.018466483498215676,12
Edge90,0.012872887619141994,,0.012872887619141994,0.012872887619141994,12
Edge92,0.012836634510406054,,0.012836634510406054,0.012836634510406054,12
Edge59,0.011267885729109106,0.0051948454333095645,0.005371499591101068,0.015170485398890397,12
Edge187,0.011193932756347606,,0.011193932756347606,0.011193932756347606,12
Edge119,0.011166678887337491,,0.011166678887337491,0.011166678887337491,12
Edge22,0.01063280049971054,,0.01063280049971054,0.01063280049971054,12
Edge20,0.09533418599113701,,0.09533418599113701,0.09533418599113701,13
Edge218,0.09186218834349028,0.022833829141012705,0.06763566911580034,0.1197123771635774,13
Edge149,0.0631104349752364,,0.0631104349752364,0.0631104349752364,13
Edge116,0.05468060402147293,0.014351916371124254,0.028920087636258206,0.08790799503541746,13
Edge4,0.05353071348024738,0.02299049882555706,0.025728232118684427,0.10419917057144668,13
Edge251,0.050923411680557605,0.02167461755486265,0.018961756593226596,0.11034680354877197,13
Edge6,0.050710479794194935,0.016748466873207166,0.028228321791075206,0.08461966866548193,13
Edge204,0.049907261674998635,0.021550322339553608,0.016105213542590077,0.13341523219533388,13
Edge117,0.04935934129226975,0.02654006491415739,0.013011742986126113,0.13240815287121036,13
Edge323,0.04817282716405598,0.016854272621638123,0.015218204800862821,0.1017424699249979,13
Edge80,0.04793444066820001,0.019137602588961918,0.02317061513604487,0.09338203871526415,13
Edge259,0.04789042650523952,0.016871108548703308,0.01671705018605907,0.07692761021951043,13
Edge74,0.047208263066192406,0.022326939621214695,0.020630656660990482,0.12344504782158085,13
Edge139,0.046110735400338325,0.020766152086412994,0.03169501507017745,0.09442423706707243,13
Edge54,0.04499321378836908,0.02868429219097188,0.011320657752634102,0.10805526347172249,13
Edge268,0.04459057337783521,0.022714281736288765,0.0214804927677641,0.07339191937073834,13
Edge300,0.04397604836776405,0.015151869799562226,0.023225810259615308,0.06822917729096963,13
Edge260,0.0438761533233571,0.021716149080450883,0.016435517379858582,0.13356115143470626,13
Edge232,0.04233004543152559,0.02005959745431998,0.014048776994155203,0.09645769938261187,13
Edge249,0.04219838273101426,0.01821800521166413,0.02333110824164103,0.05968901562539599,13
Edge201,0.04214863332902836,0.01658289976226225,0.014093389961737306,0.08521523031738984,13
Edge112,0.04209521594086019,0.018160509997052654,0.018303261866699984,0.06784992315720413,13
Edge247,0.04093060642760542,0.02495574369731353,0.02328423082968158,0.05857698202552926,13
Edge67,0.040552343235403625,,0.040552343235403625,0.040552343235403625,13
Edge134,0.040404673990360726,,0.040404673990360726,0.040404673990360726,13
Edge136,0.03945528135148366,0.01608532616590664,0.01597085795227628,0.07590215240248334,13
Edge1,0.03866725817936612,0.016534654114423834,0.0024722824320840622,0.06814388238636984,13
Edge49,0.03767576268480765,0.018532480532131055,0.015219647265881521,0.07164247395846206,13
Edge280,0.036883479081913424,0.01309258615457004,0.01980978671624275,0.06706051787232069,13
Edge178,0.036559236627619285,0.011986768229656537,0.014010923813093084,0.057982768007682865,13
Edge153,0.036463211448672136,0.015434866674462233,0.0219036323492288,0.05825424151721502,13
Edge135,0.03642390188044458,0.020433586890991264,0.014629486867313343,0.07692220420273913,13
Edge76,0.03556429331014554,0.020989038034601996,0.006103537239244074,0.08790942078990292,13
Edge41,0.035554330560346493,0.013267924841579931,0.02375324720063066,0.06473463381982128,13
Edge28,0.03472236677376,0.007666834976356807,0.025606404208621834,0.04412378542510274,13
Edge277,0.034693504421418137,,0.034693504421418137,0.034693504421418137,13
Edge39,0.03450875121152909,0.010999183485713257,0.016807560369821218,0.06063433643176902,13
Edge311,0.03406359512781116,0.004853183817017609,0.028579910104217586,0.037805583670582066,13
Edge10,0.03287160648437638,0.010791210656830173,0.013834683601906579,0.042180215098537574,13
Edge294,0.03276453941971954,,0.03276453941971954,0.03276453941971954,13
Edge68,0.03242527108004454,0.013924746616571938,0.010975068597364192,0.0770025131871236,13
Edge301,0.032081150796788034,0.015601030865063587,0.01692783899519432,0.07574649650824253,13
Edge189,0.03186543716908931,,0.03186543716908931,0.03186543716908931,13
Edge93,0.03180935010752917,,0.03180935010752917,0.03180935010752917,13
Edge52,0.03151676058024978,0.0012874946908388138,0.030606364353615974,0.03242715680688358,13
Edge238,0.031421177427039884,0.009071163373733126,0.015704907172543085,0.03701915409398502,13
Edge284,0.03125276021722277,0.013676483135445028,0.013330955052870163,0.05369670944133351,13
Edge5,0.03065877415566636,,0.03065877415566636,0.03065877415566636,13
Edge181,0.03034450202904377,,0.03034450202904377,0.03034450202904377,13
Edge165,0.030272941930450267,0.01096157330042051,0.01018269135959497,0.05870182950007974,13
Edge203,0.029941235046059216,,0.029941235046059216,0.029941235046059216,13
Edge111,0.029257213016967303,0.007081040839644297,0.02231012769086544,0.03646500841337809,13
Edge130,0.029076134232024924,0.007411341426743099,0.0238355244514861,0.03431674401256375,13
Edge191,0.02841703003279503,0.014759932445567238,0.006445159189888288,0.0551168929664662,13
Edge65,0.02836418043146859,,0.02836418043146859,0.02836418043146859,13
Edge257,0.02831732730945976,0.0076879827670344805,0.02288110256124436,0.033753552057675155,13
Edge194,0.02830935198137694,0.012462106237486953,0.019497312152982744,0.037121391809771136,13
Edge40,0.028011161555869538,0.003616080669797684,0.025454206392938,0.03056811671880107,13
Edge233,0.027902563282755703,0.018792177166023466,0.014120664164222755,0.049308689904467864,13
Edge179,0.027728075524443462,0.008468888931751318,0.016567064847930947,0.03861941173619666,13
Edge21,0.027637818664725453,0.009480411164806022,0.012386966295988294,0.05412836427390192,13
Edge79,0.02748128893922077,0.009052009461985769,0.017998499267723605,0.03807041081251251,13
Edge89,0.02747258879072111,,0.02747258879072111,0.02747258879072111,13
Edge71,0.027471564070434343,,0.027471564070434343,0.027471564070434343,13
Edge145,0.02729608108823772,,0.02729608108823772,0.02729608108823772,13
Edge265,0.026948155237229512,,0.026948155237229512,0.026948155237229512,13
Edge266,0.02687553928637823,0.011966501148211538,0.008052751543869302,0.054546706483722424,13
Edge168,0.026802387295609447,0.012562389859181728,0.008209680331333541,0.05429145452127858,13
Edge296,0.026753335835060482,0.009849091179530992,0.01611475672820617,0.05259804960345603,13
Edge206,0.026318497047549752,,0.026318497047549752,0.026318497047549752,13
Edge170,0.026171691237560024,0.012860104170749289,0.01711117722341558,0.057098898433997104,13
Edge75,0.026066749452631436,0.01027747271398518,0.013929368287637002,0.04663875064061812,13
Edge269,0.025960690065210783,0.00956691500866217,0.014374623716329504,0.03767694247605203,13
Edge115,0.025442415464756576,0.0066582435255967964,0.01704824431005192,0.033751853516836496,13
Edge32,0.02543359610760666,,0.02543359610760666,0.02543359610760666,13
Edge290,0.025424021381467966,0.011288049367482235,0.016652426449057085,0.05257885944439032,13
Edge114,0.02537497676885276,,0.02537497676885276,0.02537497676885276,13
Edge34,0.02531510055664531,0.00946147292078562,0.01641031582105258,0.037568147574767376,13
Edge164,0.025288694681885535,0.012912183006369642,0.01615840251815986,0.03441898684561121,13
Edge69,0.025255806790814614,0.011965454224953825,0.011899677331783423,0.04422174647387734,13
Edge254,0.02499027400524013,0.011732372035108088,0.011980963708496183,0.03806716154745042,13
Edge211,0.024986431871402086,,0.024986431871402086,0.024986431871402086,13
Edge14,0.024796234425766343,0.0030760333386155455,0.022621150392875395,0.02697131845865729,13
Edge140,0.02470598046134947,0.0057395619028256665,0.018685826668142305,0.03265254534615455,13
Edge24,0.024528134026486372,0.010110452786035309,0.014244813582629402,0.037738795325977764,13
Edge171,0.02426330421158673,0.008326884889738671,0.008342616088215364,0.04976439955645712,13
Edge281,0.024151406318974545,0.0038252462345347437,0.020140101654267512,0.027758490797875936,13
Edge58,0.023994886326835163,0.007216537245143789,0.014376246590452342,0.036068944154513366,13
Edge175,0.02335278241250012,0.008307597469153868,0.01257904738968214,0.03964310853785802,13
Edge152,0.023295450556715086,0.012445053927694096,0.011170835864904138,0.0715514196392614,13
Edge197,0.02309029561958975,,0.02309029561958975,0.02309029561958975,13
Edge321,0.023037285022342324,0.0008121378534303208,0.022463016838923457,0.02361155320576119,13
Edge306,0.0228344765195798,0.014837416434506619,0.012342838743451443,0.033326114295708156,13
Edge227,0.022312486187823742,0.012401144123811957,0.013543553083404603,0.031081419292242885,13
Edge315,0.022245165541853254,0.0020195129480417152,0.020817154241598922,0.02367317684210759,13
Edge11,0.0221747041339566,0.00799510544826538,0.013663693324894467,0.031608885046500605,13
Edge216,0.021991464406877288,0.011499901968075939,0.006367307417810266,0.04414800490588554,13
Edge97,0.021820564749736832,0.009313476462329011,0.004665500518966906,0.044895819586960845,13
Edge295,0.021767539683679935,0.005144061590256566,0.014574072559901853,0.02685802316768239,13
Edge101,0.02170637318183328,0.007946464895178128,0.00953084814944404,0.04115823508718032,13
Edge244,0.02141180614187947,0.005117292255821427,0.01398260185685177,0.028010383323303484,13
Edge237,0.021377055623502124,,0.021377055623502124,0.021377055623502124,13
Edge98,0.02108218735559049,,0.02108218735559049,0.02108218735559049,13
Edge163,0.021051113918920825,,0.021051113918920825,0.021051113918920825,13
Edge318,0.020973995200460168,0.00524229613839169,0.011916337576942437,0.03155844138640036,13
Edge70,0.020907960284736696,0.007694704353473576,0.009365982161969821,0.0450257899625038,13
Edge132,0.020899729488647097,0.006609252221265057,0.014056663360655246,0.0323745910975882,13
Edge147,0.020858525074873235,0.00728257715215403,0.010536386049355629,0.03520076493794363,13
Edge127,0.020854528298681292,0.006590097958546613,0.0142559488861097,0.02808867436905808,13
Edge230,0.02061662824818569,0.0038019522544148745,0.015991934388002095,0.025458204389663494,13
Edge188,0.020336073476909796,0.008654884015744593,0.011693604080166554,0.030406973007055724,13
Edge224,0.020181574065144484,0.0005893670248618502,0.01976482864525693,0.02059831948503204,13
Edge320,0.019795331091778553,0.005036813886804704,0.014528241772608795,0.02852563338294874,13
Edge18,0.01967541622898374,0.00952219267603833,0.010788952308500115,0.03143505256888761,13
Edge316,0.019475837810696752,0.008521996679403886,0.008960184508199047,0.0373359896327093,13
Edge209,0.01940040669804756,0.0011528940273796797,0.01858518751329792,0.0202156258827972,13
Edge317,0.019391309966020946,0.005317588705400901,0.012294042728367703,0.028863886020671314,13
Edge187,0.019262830838287375,,0.019262830838287375,0.019262830838287375,13
Edge15,0.019095951660498788,,0.019095951660498788,0.019095951660498788,13
Edge45,0.01908497141452484,0.006982848237610455,0.009443409862320716,0.04099921165036668,13
Edge131,0.01908421791379452,0.007615184955521396,0.0063251562507011016,0.028920721080977554,13
Edge86,0.01784518243703332,0.00751349071058982,0.010437188707929257,0.026089465785950373,13
Edge133,0.016931963486529183,0.0036338890001335533,0.009201568195023794,0.022276979482429623,13
Edge305,0.016844579649233374,0.004475997692083756,0.009405172420666916,0.023414175603939994,13
Edge263,0.016815106262648975,0.0014155448563505535,0.014918931930343696,0.018318217129583866,13
Edge126,0.016704692828124496,0.0009651941843388694,0.016022197475216663,0.01738718818103233,13
Edge231,0.016584534630666947,,0.016584534630666947,0.016584534630666947,13
Edge150,0.01640467118907335,0.0001411131207575558,0.01630488914447129,0.016504453233675415,13
Edge35,0.016300732694383167,,0.016300732694383167,0.016300732694383167,13
Edge48,0.016022876768469873,0.006914780166957369,0.009571211410269297,0.027189970263947722,13
Edge22,0.01601149109576657,,0.01601149109576657,0.01601149109576657,13
Edge123,0.015807481332550038,,0.015807481332550038,0.015807481332550038,13
Edge60,0.015709181743232947,0.006113352212835185,0.00843491174817803,0.025232036894962964,13
Edge64,0.015690941981458942,0.006043058518528368,0.011220389332298257,0.025376070559962105,13
Edge7,0.015448689363359018,,0.015448689363359018,0.015448689363359018,13
Edge59,0.015341428918863432,0.004157924088126753,0.012583735857022021,0.020123902846419746,13
Edge258,0.014496978569384323,,0.014496978569384323,0.014496978569384323,13
Edge156,0.014330657129672674,0.004756462064052137,0.005659046062050612,0.02048105980295343,13
Edge202,0.01392004027710606,0.005577914925142096,0.006293604910903464,0.024005399287800787,13
Edge119,0.01366712128799624,,0.01366712128799624,0.01366712128799624,13
Edge118,0.01352169552310827,,0.01352169552310827,0.01352169552310827,13
Edge103,0.01328464960331009,0.008878802395261239,0.0020820854892508586,0.027876734044185,13
Edge109,0.012232698803185596,,0.012232698803185596,0.012232698803185596,13
Edge92,0.0121625670327351,,0.0121625670327351,0.0121625670327351,13
Edge169,0.01192857845610591,0.00488126783746602,0.00439097488211559,0.017661822473281148,13
Edge185,0.011574136333131174,0.003706410539120295,0.006047757640746882,0.016769712457832188,13
Edge270,0.010428419509587731,0.0022436341472137403,0.008841930589591198,0.012014908429584263,13
Edge325,0.009737924934601641,,0.009737924934601641,0.009737924934601641,13
Edge12,0.008372610029979428,,0.008372610029979428,0.008372610029979428,13
Edge90,0.0073981176928967765,,0.0073981176928967765,0.0073981176928967765,13
Edge20,0.09518734456387475,,0.09518734456387475,0.09518734456387475,14
Edge218,0.08632516337493418,0.022386528897449583,0.06278482184517584,0.10939777078906199,14
Edge294,0.060716644145384455,,0.060716644145384455,0.060716644145384455,14
Edge116,0.05464987233673972,0.014493280229710439,0.027658324924758653,0.08966496067907816,14
Edge4,0.05424979257440165,0.022777878273854617,0.02659860265812493,0.09131580497466409,14
Edge251,0.05255158144845748,0.02509369665400033,0.024604780137078897,0.12513245412140622,14
Edge117,0.051368489806055226,0.025663757278604697,0.014504894039637858,0.12506530005904887,14
Edge80,0.05098186522566798,0.018171532392779056,0.02309791675366188,0.08988046755259697,14
Edge204,0.04991555265104718,0.021207082946379414,0.02317554250159329,0.13939506201998692,14
Edge112,0.04806070349018474,0.022202499848559345,0.015146516507653432,0.08837996849614717,14
Edge259,0.047931691799006915,0.016900535530374922,0.019225400885139847,0.09522361737815953,14
Edge268,0.046981211639080304,0.02587641311038244,0.021059380896979996,0.08102562163018588,14
Edge6,0.04695573981967002,0.018542144750692085,0.020508528794380386,0.08563344043172817,14
Edge323,0.046842472973936004,0.017364623277702298,0.013106299231208467,0.09893089350850978,14
Edge247,0.046407340700143074,0.02477298223972862,0.028890196968217062,0.06392448443206909,14
Edge74,0.04637231415700317,0.025587825289460176,0.01842630638766845,0.12148715206066983,14
Edge300,0.04528633266240018,0.016363362367254282,0.020169115262128143,0.06939186824909972,14
Edge139,0.04527166259336182,0.018391176755229437,0.024742481521750546,0.08777778759052292,14
Edge54,0.04444446747187507,0.029240188628502993,0.01185950275296017,0.10824203842166208,14
Edge134,0.043567439232407704,,0.043567439232407704,0.043567439232407704,14
Edge232,0.04294733154232613,0.021569705302922567,0.01631921677112691,0.10471203199176136,14
Edge260,0.04196493987831876,0.020139488207205233,0.01657803540488577,0.12758691614134912,14
Edge249,0.041073300385093346,0.0016378879555711892,0.039400374084285025,0.042673743344820374,14
Edge201,0.03937792222724411,0.01779260351126364,0.007187829386350442,0.0943533417571102,14
Edge1,0.039178264721625375,0.01866623795571574,0.007186727396884844,0.07604541121032578,14
Edge280,0.03903866651355312,0.016000579176045557,0.020762692010633632,0.06905373401993782,14
Edge49,0.03884552205192542,0.017478446357791784,0.025588856284559446,0.07586847440880416,14
Edge277,0.038309115543652975,,0.038309115543652975,0.038309115543652975,14
Edge136,0.038025098409932664,0.011063167390997945,0.02509785500991262,0.06188326657001395,14
Edge135,0.03741167792591838,0.019055992223140028,0.009090233308592929,0.06759529767267299,14
Edge178,0.03697983149455649,0.011364855506023883,0.015595930507925414,0.05826727098426862,14
Edge130,0.03685161413311457,0.01025605457463376,0.02959948839517173,0.04410373987105742,14
Edge76,0.0367755964172136,0.018559111539581542,0.010852295137308898,0.0799421766496919,14
Edge153,0.03489530078352803,0.017923188739661918,0.01603342042212135,0.05907186534345936,14
Edge238,0.03484608402113317,0.0116234940085357,0.019679675333474714,0.051705921806973955,14
Edge68,0.03474439623043674,0.014585886648945284,0.015943737226140436,0.08994042046984177,14
Edge284,0.03366427507496736,0.013416604826118133,0.007405288030238375,0.05953934552696782,14
Edge311,0.03357284909278029,0.006467301670493447,0.027151089148665604,0.04008475016629858,14
Edge79,0.033431473126593794,0.012741375525991158,0.021011970318291096,0.04997163582879712,14
Edge149,0.033366731447233934,,0.033366731447233934,0.033366731447233934,14
Edge67,0.03334161688243115,,0.03334161688243115,0.03334161688243115,14
Edge89,0.03329893058677509,,0.03329893058677509,0.03329893058677509,14
Edge41,0.03269638300350605,0.018190843073166818,0.020197853968093305,0.07173380893449122,14
Edge39,0.032546572175920344,0.010661448364682352,0.015654991963905008,0.05416891623295301,14
Edge203,0.0321879413054206,,0.0321879413054206,0.0321879413054206,14
Edge65,0.03193888548536123,,0.03193888548536123,0.03193888548536123,14
Edge301,0.03103430699562624,0.014574927188725866,0.014018385000279713,0.05972860817678855,14
Edge52,0.02999881527193879,0.00773835717387494,0.02452697043904825,0.03547066010482933,14
Edge40,0.029851598738036632,0.0008752160592543087,0.029232727527534544,0.030470469948538723,14
Edge257,0.02969215934910084,0.01379425359097875,0.019938149093512884,0.0394461696046888,14
Edge28,0.029525356602448604,0.008804409126787713,0.01841876223716196,0.03852176081972009,14
Edge165,0.029517160901282643,0.009327849690805579,0.015147889912868797,0.052430448729842344,14
Edge189,0.029388455863276933,,0.029388455863276933,0.029388455863276933,14
Edge14,0.0293520929149306,0.0038968589331556747,0.026596597537968846,0.03210758829189235,14
Edge206,0.02931957155746432,,0.02931957155746432,0.02931957155746432,14
Edge98,0.029139599432332186,,0.029139599432332186,0.029139599432332186,14
Edge164,0.02904242721714869,0.004160134809269094,0.026100767682864307,0.03198408675143307,14
Edge34,0.029033798105369983,0.0028976973654823673,0.024916027253235443,0.03169809867863046,14
Edge254,0.02848708135279775,0.015236796760310508,0.01588185221418054,0.05023611211358515,14
Edge10,0.028098782282128244,0.008937719035751848,0.01292723264536141,0.03964257384146457,14
Edge145,0.027938528476863702,,0.027938528476863702,0.027938528476863702,14
Edge191,0.027844728519976856,0.013181044046061768,0.008934144720926329,0.04472909280640115,14
Edge266,0.02784460897450584,0.011193175639394773,0.009702900751056304,0.061691795978413545,14
Edge21,0.027525257808970374,0.009988424409347203,0.008098671996381833,0.05179134234720163,14
Edge69,0.027040500569086114,0.008572726341460899,0.016648260358272233,0.037304011588895285,14
Edge290,0.026875879419572916,0.00999087632588715,0.015529911475751753,0.044297569661313034,14
Edge170,0.026696184458040582,0.018627426960396258,0.013624025725800052,0.07102448552246898,14
Edge181,0.02657736936474411,,0.02657736936474411,0.02657736936474411,14
Edge140,0.02637043007501843,0.006744444293683385,0.016698790616213047,0.03506727003190333,14
Edge233,0.026186312847831236,0.01867153401006832,0.012277678286546719,0.04740732546304973,14
Edge75,0.025868784438989954,0.011191651553854218,0.007616380708625085,0.05410699735669784,14
Edge111,0.025789929569001585,0.010230086036872964,0.01737289177440066,0.03717617557138329,14
Edge152,0.025777251841555025,0.013699191908759262,0.00527553883475128,0.07463605476426283,14
Edge168,0.025763956583837632,0.0116948580847809,0.008739167527518327,0.049208341841793166,14
Edge179,0.02574307896260109,0.010984462787672315,0.01798093862084564,0.04608951978065194,14
Edge211,0.025323830419914595,,0.025323830419914595,0.025323830419914595,14
Edge11,0.02524179148577207,0.004955819159929869,0.020273079311843297,0.03191382869005347,14
Edge296,0.025233244310101096,0.00875661163519161,0.016398923639400428,0.0490092673176786,14
Edge5,0.02505043833430735,,0.02505043833430735,0.02505043833430735,14
Edge197,0.024628009309627084,,0.024628009309627084,0.024628009309627084,14
Edge114,0.023744868757839835,,0.023744868757839835,0.023744868757839835,14
Edge171,0.02356210248114638,0.009029255557519366,0.006302636118122968,0.044213305575747874,14
Edge93,0.023372231794767048,,0.023372231794767048,0.023372231794767048,14
Edge126,0.023008173972971835,0.010139896523758652,0.01583818438049219,0.030178163565451478,14
Edge101,0.022998635346920322,0.009681942460999956,0.010635283403537617,0.044096093823224825,14
Edge216,0.02290667104410263,0.011373509778607545,0.009722050594781153,0.04450862868068994,14
Edge58,0.02284999651924532,0.008988321065521247,0.00978777019317939,0.04301162470079459,14
Edge321,0.02282590966643698,0.005642200767892571,0.018836271242644198,0.026815548090229763,14
Edge18,0.022774690184767576,0.009066954512832912,0.01005510176099587,0.029527480078467602,14
Edge230,0.02261427582327571,0.006696886862864068,0.013664801620641664,0.0375939358680626,14
Edge97,0.0225195626987943,0.009446464942995534,0.011923837945729246,0.043946798349180735,14
Edge15,0.02243102462688777,,0.02243102462688777,0.02243102462688777,14
Edge132,0.02214799434567052,0.005705716267013975,0.01597725690014352,0.030874914791427847,14
Edge263,0.021925851418108846,0.005921790151495903,0.013858652875244093,0.026574094946944845,14
Edge175,0.02191061196943582,0.01027142694050651,0.008177776668553613,0.040064062879083776,14
Edge227,0.021626715466978662,0.001003002137857376,0.020917485853755108,0.02233594508020222,14
Edge269,0.02133588541038516,0.010932243345759658,0.009379871780557691,0.03564193072914154,14
Edge315,0.021287349617099063,0.000713996166588803,0.02078247808596292,0.021792221148235206,14
Edge244,0.021222150867120634,0.005614808447940703,0.015184154936868985,0.034943073028179186,14
Edge188,0.021186519809235665,0.005147322151733484,0.015556922481958608,0.028444883791506666,14
Edge306,0.021028156282299922,0.007289785611418726,0.01587349944306962,0.026182813121530226,14
Edge320,0.02086300989886897,0.005136376891192859,0.01564801334865121,0.029714266252060424,14
Edge305,0.020611975936545457,0.005845090936209265,0.01161371915826259,0.02870169818629349,14
Edge115,0.020565117165480575,0.0042869004968619645,0.01426133141395134,0.02691445438412454,14
Edge70,0.020474221491091515,0.008438969970004396,0.008209098046734784,0.04622253822405144,14
Edge147,0.020422524575616573,0.007822086997114917,0.004538109588643909,0.03483668059428645,14
Edge194,0.020338384968837456,0.0013870393460987866,0.01935760004143845,0.021319169896236462,14
Edge71,0.020282910753688387,,0.020282910753688387,0.020282910753688387,14
Edge224,0.019898785144134783,0.006405260319785757,0.015369582136749159,0.024427988151520405,14
Edge209,0.019815579463796217,0.009475952645753995,0.01311506908978096,0.026516089837811473,14
Edge270,0.018850302275591084,0.00056801981661144,0.018448651611416796,0.019251952939765372,14
Edge119,0.01868704709514226,,0.01868704709514226,0.01868704709514226,14
Edge131,0.0185932347593171,0.00801414903698408,0.009223101545938096,0.03193844262439165,14
Edge258,0.018517187047691275,,0.018517187047691275,0.018517187047691275,14
Edge318,0.018496731765676604,0.007358253524444722,0.007174886836626472,0.032054250044736846,14
Edge86,0.01840201354548174,0.0061281618730644975,0.01118342475199324,0.02810236506011552,14
Edge60,0.018387063462156336,0.010686997615041917,0.006286247885197148,0.035501389444821015,14
Edge317,0.018349947006657742,0.005618539556403378,0.008932359126803572,0.03034881442439586,14
Edge127,0.018248515415495374,0.009403358107363254,0.007266102049997109,0.029180007634432306,14
Edge316,0.01809039694421964,0.009627788965916238,0.007353971198979672,0.04652635105672217,14
Edge295,0.018027810265303375,0.0038943665153676294,0.012397596892350544,0.02454818606833874,14
Edge45,0.01769659587111187,0.005154667738119701,0.008223062664414416,0.02799798581269928,14
Edge118,0.01744740766953157,,0.01744740766953157,0.01744740766953157,14
Edge32,0.01744667058923185,,0.01744667058923185,0.01744667058923185,14
Edge325,0.01738121710694006,,0.01738121710694006,0.01738121710694006,14
Edge103,0.017062531086721597,0.004491287885003084,0.011003163747909932,0.02253821894696637,14
Edge237,0.01683250567594794,,0.01683250567594794,0.01683250567594794,14
Edge12,0.016316745443043058,,0.016316745443043058,0.016316745443043058,14
Edge48,0.01628182070116701,0.0063301951700458145,0.011393539361741561,0.026959009144531376,14
Edge133,0.01626128168928491,0.004661697700611155,0.008537523563485142,0.022522661160515767,14
Edge24,0.016222755862656906,0.006313498759062407,0.008594537422446608,0.023994598132430708,14
Edge156,0.01615353337868154,0.00915524634956234,0.0066393457978310725,0.03155098859611317,14
Edge59,0.0158360413517426,0.0027262617598956614,0.013697248883523673,0.018905857108573954,14
Edge281,0.015821981940137054,0.00713566203369262,0.007723887385281776,0.02118758574675353,14
Edge109,0.015788349806660884,,0.015788349806660884,0.015788349806660884,14
Edge163,0.015526386138439102,,0.015526386138439102,0.015526386138439102,14
Edge150,0.01520103446172336,0.001992473219274114,0.013792143137042042,0.016609925786404675,14
Edge169,0.014605365139410015,0.006398352547137756,0.006220055934977887,0.024271286568404472,14
Edge231,0.014092259609621603,,0.014092259609621603,0.014092259609621603,14
Edge202,0.013646047933701356,0.005640185957968721,0.00590221802072962,0.0223866695290297,14
Edge22,0.013276679083076191,,0.013276679083076191,0.013276679083076191,14
Edge185,0.01190554680537752,0.0048390478366358534,0.004230788262887421,0.018944057570196057,14
Edge92,0.011531322785104395,,0.011531322785104395,0.011531322785104395,14
Edge123,0.011512688774578455,,0.011512688774578455,0.011512688774578455,14
Edge187,0.01076864743742955,,0.01076864743742955,0.01076864743742955,14
Edge7,0.010574757060412708,,0.010574757060412708,0.010574757060412708,14
Edge265,0.010489441565019365,,0.010489441565019365,0.010489441565019365,14
Edge64,0.009740507885031209,0.0029568400889245635,0.007019867845174959,0.01350358769603308,14
Edge35,0.009190366487646146,,0.009190366487646146,0.009190366487646146,14
Edge90,0.00609189883351452,,0.00609189883351452,0.00609189883351452,14
Edge20,0.11033806639543033,,0.11033806639543033,0.11033806639543033,15
Edge218,0.08789229073536806,0.014046757877002455,0.07254672099191478,0.10448202210609342,15
Edge4,0.05762919452896251,0.026351564664867995,0.021767842730802813,0.1053104754636357,15
Edge116,0.053330026002949824,0.01763976951203974,0.021904945328337543,0.09058741796613445,15
Edge251,0.05215211022342305,0.02714712604428464,0.01364358119825973,0.13518059233700247,15
Edge6,0.051068094271057525,0.020540711809500765,0.030462970425335884,0.09720878031374777,15
Edge204,0.05016530204035253,0.02314337745699023,0.02684245231570283,0.16244302738576002,15
Edge268,0.049117378458214025,0.019783012721730144,0.0302781258069137,0.07554537744933476,15
Edge80,0.04908453873776326,0.02006018432989067,0.016648770779896117,0.09288358762497688,15
Edge134,0.04889928925728818,,0.04889928925728818,0.04889928925728818,15
Edge259,0.04889094426553799,0.015979506442754674,0.027785446014714592,0.08555394317442402,15
Edge117,0.04858132247649739,0.026697721186719106,0.01245533435076077,0.13004456308005402,15
Edge294,0.048108035120228806,,0.048108035120228806,0.048108035120228806,15
Edge323,0.047935337642048347,0.015779982187445737,0.015545244212712092,0.09350530321535581,15
Edge89,0.047639293336236746,,0.047639293336236746,0.047639293336236746,15
Edge74,0.046568526472150026,0.02563853321972094,0.014035711032423332,0.14115755844417557,15
Edge139,0.046393457895023374,0.018171225338347814,0.02590572421564789,0.08391361602330623,15
Edge54,0.046370816836850556,0.029675281483098843,0.015884488472646025,0.1177154918993051,15
Edge260,0.0462047033428543,0.021848829079447827,0.019452364691793456,0.12899778362232003,15
Edge300,0.04571156982696244,0.017363461912020508,0.016463041432537934,0.07952072718005428,15
Edge149,0.0438289930037936,,0.0438289930037936,0.0438289930037936,15
Edge112,0.0427839296306116,0.018417411232168866,0.012810577447883598,0.06978076670641846,15
Edge232,0.04240147124475519,0.01893385349087014,0.009515923478776316,0.08999854030326453,15
Edge247,0.04180374909417736,0.032435128997456195,0.01886864943141566,0.06473884875693905,15
Edge201,0.04033186719879778,0.018347884124922265,0.009271514665226997,0.0900171695906634,15
Edge280,0.04004616173749562,0.01699800766961019,0.016422169469112916,0.07777629352683649,15
Edge136,0.03800925811954036,0.015859800334116214,0.019158286634897465,0.0779073507894901,15
Edge311,0.03740934067547997,0.009872620696252568,0.027101213293583507,0.04677950704793654,15
Edge1,0.037093717260566324,0.0167311787516755,0.010053739082403312,0.07781196892463028,15
Edge153,0.03686909509395872,0.011344334817761896,0.029762124194460247,0.05366035579290512,15
Edge14,0.036470982524928273,0.0049963425373044,0.03293803483566953,0.040003930214187015,15
Edge41,0.03644837447735404,0.014815381934998892,0.01814063368088064,0.06775139495669315,15
Edge135,0.036306015211071144,0.01917910625427967,0.015393389901332993,0.06507725653659055,15
Edge76,0.0359789989703456,0.019536891043906393,0.00968040205023745,0.07987045189907303,15
Edge68,0.03556703704394942,0.014616233049956686,0.01237946027272538,0.08476912229916994,15
Edge178,0.03525840360276851,0.012126437019430674,0.015938726064871133,0.05280996441051213,15
Edge49,0.03483574745290865,0.015188288950279901,0.017884463269235776,0.06523955435903364,15
Edge40,0.034631454305163026,0.0028448713771587362,0.03261982646277057,0.036643082147555475,15
Edge284,0.034384386465475834,0.012657138131431395,0.014966933203174672,0.05764809259961048,15
Edge28,0.03317231623204719,0.01583007101890443,0.01535405353728961,0.0530381268492488,15
Edge265,0.03297358710409522,,0.03297358710409522,0.03297358710409522,15
Edge10,0.031235122111524277,0.00961009694297204,0.014950683802986456,0.039402603618010686,15
Edge114,0.031219817125460087,,0.031219817125460087,0.031219817125460087,15
Edge301,0.03112224203387709,0.011740334854366631,0.01305557595323092,0.05114577679956203,15
Edge165,0.031068094458261804,0.010694754458329611,0.015245908033694118,0.061165332238977396,15
Edge238,0.031061251074382346,0.007823433785769355,0.01812803707006219,0.03790014190538022,15
Edge39,0.030992574547026298,0.011615138811624149,0.012578335743760922,0.060158580234347864,15
Edge34,0.030437037623318605,0.006121389531874465,0.022325709616586427,0.03672261411781197,15
Edge67,0.030371374028945138,,0.030371374028945138,0.030371374028945138,15
Edge130,0.029856301702113928,0.00245493418404054,0.028120401093212198,0.03159220231101566,15
Edge249,0.029826951476738212,0.0072886486325862785,0.023639333874751266,0.037861351355526714,15
Edge79,0.029763407537488906,0.015259367394626947,0.015528490366206727,0.053361767382809386,15
Edge5,0.028498674480008875,,0.028498674480008875,0.028498674480008875,15
Edge254,0.027907493372851276,0.020606144143298238,0.011059233779834334,0.06104325268312747,15
Edge164,0.027679186363185906,0.0013211208614345286,0.02674501284329854,0.028613359883073276,15
Edge266,0.02760207570233542,0.010829187105395315,0.011668273651753925,0.05308342857591837,15
Edge237,0.027355288758270795,,0.027355288758270795,0.027355288758270795,15
Edge206,0.02713776499915367,,0.02713776499915367,0.02713776499915367,15
Edge65,0.02671034729092464,,0.02671034729092464,0.02671034729092464,15
Edge140,0.026668785711711083,0.00820053752862361,0.017275485448101105,0.0380784840292243,15
Edge197,0.026658460502499634,,0.026658460502499634,0.026658460502499634,15
Edge71,0.026547756625192348,,0.026547756625192348,0.026547756625192348,15
Edge111,0.026468744434263062,0.01955729965878468,0.0053425508851396184,0.04394204594799355,15
Edge306,0.02645617684275616,0.007461147964078864,0.021180348521919794,0.03173200516359253,15
Edge191,0.02631240785227525,0.015184133047652386,0.0024918742594493433,0.05059804578146345,15
Edge296,0.02596202964330172,0.011644443573079484,0.012756526181428005,0.05539013024163449,15
Edge168,0.0259328593299586,0.012597156529840938,0.007992389860715775,0.05084482108120707,15
Edge203,0.02587491991706539,,0.02587491991706539,0.02587491991706539,15
Edge269,0.0256536323741425,0.007416089119313585,0.015822440216199874,0.03246194101349182,15
Edge152,0.02561348517699985,0.01385022706499035,0.009592062255748992,0.08289919228528861,15
Edge211,0.025108382106740174,,0.025108382106740174,0.025108382106740174,15
Edge230,0.024994724683123547,0.00624998145633493,0.012547967351201455,0.0325956157921629,15
Edge277,0.024913382889708523,,0.024913382889708523,0.024913382889708523,15
Edge75,0.024818249935896458,0.011791831268703815,0.008282709012619141,0.057315940083524766,15
Edge171,0.0247085422346326,0.009433363818802212,0.008332227653888743,0.049407567345915046,15
Edge21,0.024694957724423303,0.007966412554555104,0.007819375905004911,0.04019581829507248,15
Edge115,0.024436398605428164,0.006816180075501295,0.011241741710440822,0.03312077196709175,15
Edge126,0.02402703718631394,0.00467352389321603,0.02072235674938353,0.02733171762324435,15
Edge181,0.02401734511737337,,0.02401734511737337,0.02401734511737337,15
Edge145,0.023959132131321895,,0.023959132131321895,0.023959132131321895,15
Edge52,0.023943681682945892,0.008929735985151914,0.01762940481363944,0.030257958552252346,15
Edge315,0.02366900161349181,0.0033610529706063555,0.021292378266048868,0.026045624960934755,15
Edge290,0.023536454753512247,0.009208995467675209,0.013653042652738308,0.04338351217432252,15
Edge11,0.023496345981627486,0.005733975845223599,0.018027528626379453,0.030540556030851925,15
Edge35,0.023346664056850742,,0.023346664056850742,0.023346664056850742,15
Edge233,0.023123004523662682,0.017008308206407835,0.010219358171972606,0.042396858785378896,15
Edge22,0.022941279552026704,,0.022941279552026704,0.022941279552026704,15
Edge58,0.022883013758002124,0.008467801642948875,0.012274027727538987,0.03772281669238339,15
Edge147,0.022882399882562073,0.009128530327604434,0.011878040274966735,0.03777100756922178,15
Edge101,0.022724715678005693,0.010724840820735623,0.007047153377891608,0.04507859416526592,15
Edge244,0.02214934299250667,0.005499448398715586,0.013150871210869377,0.032883164162712766,15
Edge216,0.022108572116390196,0.012690440991676348,0.007059275935326206,0.03801964608343488,15
Edge109,0.022055189853946507,,0.022055189853946507,0.022055189853946507,15
Edge175,0.021892729674756355,0.009979139543963057,0.00780472168647843,0.0425338844535994,15
Edge127,0.021750821494030688,0.009190252466070479,0.010288332177654142,0.03502290659920875,15
Edge70,0.021656968205908744,0.00913041518059522,0.005318565162992889,0.04500768861393819,15
Edge15,0.02156902996850464,,0.02156902996850464,0.02156902996850464,15
Edge321,0.021537043577675094,0.0018333773684324792,0.02024065000798254,0.022833437147367647,15
Edge69,0.021521664190822493,0.00548461535353121,0.014744142996493119,0.028877062825925733,15
Edge97,0.0215084283588107,0.009842753361973372,0.010817498670327023,0.047721903819693795,15
Edge187,0.021459510369009005,,0.021459510369009005,0.021459510369009005,15
Edge93,0.021445203265341533,,0.021445203265341533,0.021445203265341533,15
Edge194,0.021194886298190635,0.005441708933561526,0.01734701701002586,0.025042755586355405,15
Edge86,0.021189583141202235,0.007645489923180287,0.011713996770450772,0.03035963703739627,15
Edge18,0.021164946964779687,0.003975263665943933,0.017861157295289063,0.026084813809001267,15
Edge257,0.020887704658692517,0.004527175409127566,0.017686508227277433,0.0240889010901076,15
Edge170,0.020771723504548572,0.007023543964133861,0.012902636679127617,0.03149668883803162,15
Edge227,0.020747142936594354,0.011791177595584033,0.012409521300581993,0.029084764572606715,15
Edge318,0.020687440404423555,0.006392377616258669,0.011782144719358031,0.033794672132096054,15
Edge12,0.020669756910085685,,0.020669756910085685,0.020669756910085685,15
Edge179,0.02051819176881753,0.007462897144304456,0.011476006034010404,0.03318490603496139,15
Edge189,0.02039930980963583,,0.02039930980963583,0.02039930980963583,15
Edge281,0.020005088532620365,0.006988968589563515,0.013478586005065754,0.027379210204750735,15
Edge188,0.01996841480328665,0.01218720609498297,0.005529638614959108,0.037784141980401434,15
Edge320,0.01974454563028655,0.005495487815075541,0.013338504889423178,0.028537346910996037,15
Edge305,0.01951832284737325,0.009431674717906888,0.009222118986049707,0.03014541101915848,15
Edge209,0.01948131278064948,0.002726876494028805,0.017553119920263514,0.021409505641035446,15
Edge45,0.019322917122521627,0.006085905529528723,0.011270936882668527,0.031072854078655534,15
Edge132,0.01887012566451106,0.005771986187608211,0.012472681066092431,0.02771429725136735,15
Edge224,0.018651008605796465,0.01033500006262736,0.011343059977949266,0.025958957233643665,15
Edge325,0.01848617743487268,,0.01848617743487268,0.01848617743487268,15
Edge24,0.018422584609236257,0.008638424850664734,0.00931746444667869,0.029982862614581184,15
Edge98,0.01836650228341722,,0.01836650228341722,0.01836650228341722,15
Edge295,0.018290464940636558,0.002744057183090192,0.013801026026530685,0.020857251764681173,15
Edge270,0.018121152259312837,0.0004366428130690374,0.017812399165235353,0.018429905353390324,15
Edge133,0.01798956361580378,0.006069963631126793,0.009135423303804333,0.02726979554064651,15
Edge258,0.0179701132154606,,0.0179701132154606,0.0179701132154606,15
Edge118,0.017902099266714797,,0.017902099266714797,0.017902099266714797,15
Edge263,0.01777612079973715,0.0017946633027203823,0.01534656689850536,0.01955061215830911,15
Edge59,0.017352871392588474,0.008095559145320586,0.009548200636970837,0.02571092373545341,15
Edge48,0.017308852447873536,0.010503135489016038,0.008074604105406077,0.0344788675862434,15
Edge316,0.017246378509594283,0.00788206599494591,0.004662463411320952,0.03895817541271357,15
Edge119,0.016994968965444113,,0.016994968965444113,0.016994968965444113,15
Edge131,0.01656530486934177,0.0076651811806680474,0.009268999425348238,0.03345689424286546,15
Edge7,0.016075286964346156,,0.016075286964346156,0.016075286964346156,15
Edge60,0.015945566526596268,0.007096332202119908,0.005925550294324615,0.025929311980319485,15
Edge317,0.015551440633414822,0.0073506996113541605,0.00788699084379793,0.033983618146214374,15
Edge90,0.015376048884371036,,0.015376048884371036,0.015376048884371036,15
Edge103,0.015242146210436255,0.010011853671888121,0.006830246974688174,0.03269058487545728,15
Edge150,0.01521658704839166,0.008762871029247082,0.009020301520947908,0.021412872575835414,15
Edge156,0.01352316088743651,0.003967365110651461,0.007965389600738776,0.019413465674776136,15
Edge32,0.01336725702629745,,0.01336725702629745,0.01336725702629745,15
Edge92,0.013272849894119653,,0.013272849894119653,0.013272849894119653,15
Edge169,0.013239911074508498,0.007361043511874824,0.005240269920565976,0.024971758134210497,15
Edge163,0.012551594883437536,,0.012551594883437536,0.012551594883437536,15
Edge64,0.012465041007833072,0.004168736271163417,0.009215916659880979,0.01874799829983628,15
Edge202,0.011600594902312099,0.006734009969401383,0.00550880248461977,0.02787587054581729,15
Edge185,0.011304469899512034,0.004900029776563678,0.0036671519992801235,0.01851269442007561,15
Edge123,0.0105049064990939,,0.0105049064990939,0.0105049064990939,15
Edge231,0.00933063515087151,,0.00933063515087151,0.00933063515087151,15
Edge20,0.09985201595579042,,0.09985201595579042,0.09985201595579042,16
Edge218,0.0879595768312863,0.02115392541159173,0.06556618947054006,0.10744862985730849,16
Edge4,0.05617884059540371,0.026622006535884042,0.02313509532775492,0.10787726474560379,16
Edge251,0.053392712100344325,0.025961864558378497,0.014115664214134778,0.11730707077590578,16
Edge116,0.0520816950818361,0.016477887927973826,0.030446987245249184,0.09975081357283451,16
Edge294,0.05189331213548805,,0.05189331213548805,0.05189331213548805,16
Edge6,0.05142830807954174,0.017011191666345363,0.027383798759450368,0.08656079325794168,16
Edge204,0.05090109128947959,0.021940234395601426,0.01888802746548676,0.14410155501417896,16
Edge80,0.04933213495778025,0.020148045625968305,0.02013724411599237,0.08994471317777421,16
Edge134,0.0489581267529837,,0.0489581267529837,0.0489581267529837,16
Edge247,0.048851969186054015,0.02622471951859538,0.030308292179740008,0.06739564619236801,16
Edge323,0.0483719154207006,0.01698015493434167,0.019121345692553107,0.1020426424990241,16
Edge89,0.048059083335765154,,0.048059083335765154,0.048059083335765154,16
Edge139,0.04794341775918759,0.018435159762937126,0.028669864995674255,0.08317643730063945,16
Edge268,0.04753197627734054,0.028368595763569256,0.013797034160750985,0.08296117409619447,16
Edge74,0.04716114371972014,0.029755317218225708,0.016212945717519512,0.17507285348999022,16
Edge300,0.046820788059394554,0.02133577282525539,0.014434320450605314,0.08659607505877803,16
Edge259,0.04660155840707371,0.017754271402364838,0.023296328242449423,0.08697717031846115,16
Edge117,0.04653382060895052,0.024508287370147087,0.0166895203829455,0.12183455594484106,16
Edge54,0.0454286924150171,0.030070807127682467,0.010176280124957767,0.11618388505313682,16
Edge260,0.04447623360977005,0.01948846377055749,0.01596937851130694,0.12327446646949508,16
Edge232,0.04320841588665099,0.020846197104815993,0.012948247679181195,0.09647747215914779,16
Edge149,0.04178098050419902,,0.04178098050419902,0.04178098050419902,16
Edge178,0.04138738781766513,0.013921568298819936,0.02222194310715107,0.06686984050761142,16
Edge201,0.04113254170807131,0.018242792326376336,0.008264212929069753,0.0926108946093093,16
Edge112,0.0410854767979405,0.019381183510995808,0.013378216052615821,0.077384811238348,16
Edge277,0.03870149525144197,,0.03870149525144197,0.03870149525144197,16
Edge136,0.038420215536053,0.017592153735921705,0.01627405653701342,0.07540163716861135,16
Edge254,0.03831482414414985,0.022003719436641103,0.010703454471532916,0.0675328034772503,16
Edge238,0.038308432892760876,0.014132897812134884,0.017364189976697322,0.049496399288310684,16
Edge1,0.03804325177063164,0.018267601475006435,0.006116536010850187,0.07487408214565702,16
Edge280,0.037727692712917975,0.01713257941832251,0.020981215538246344,0.08038492085052419,16
Edge311,0.03761682448022854,0.010499155529231493,0.02762466448857098,0.0485584760089573,16
Edge40,0.037535343107970055,0.011922257652063,0.029105033875143103,0.04596565234079701,16
Edge41,0.037518428479641965,0.014827086355482366,0.020553463975577575,0.06873789529598222,16
Edge249,0.037048028184844414,0.01753076761938231,0.016805283398985876,0.04720512138026958,16
Edge76,0.036239859854042676,0.020046613876811985,0.012054301777949306,0.08380634484899756,16
Edge49,0.03607595835693663,0.016011189659530498,0.01929984469726737,0.06685538475354172,16
Edge68,0.03503011471234451,0.013075760992979312,0.01474185047347922,0.07738848164838015,16
Edge153,0.03499467033969056,0.012629083382683029,0.018930136678444155,0.04897811460012307,16
Edge14,0.034360222533285925,0.007823823009067327,0.028827944228771076,0.03989250083780077,16
Edge284,0.034028278297033795,0.013769330579090237,0.010712397831269791,0.05688684282968343,16
Edge164,0.03387059487129444,0.011284824242342105,0.025891019125036,0.04185017061755289,16
Edge135,0.03355627478832151,0.021736423214187714,0.005275507831482292,0.06801586689486701,16
Edge206,0.03350016920562904,,0.03350016920562904,0.03350016920562904,16
Edge39,0.03276775325801107,0.010565542643240515,0.01683080322217769,0.0619724891927231,16
Edge34,0.03242702891793836,0.011181798155329149,0.018852208994099885,0.04471609165870488,16
Edge79,0.03133256718245934,0.012440323207000455,0.0172637874412719,0.04463154209001562,16
Edge130,0.03114915324280873,0.005793857404114515,0.027052277383131467,0.03524602910248599,16
Edge233,0.030855130254120126,0.013967542275115258,0.02057204712071359,0.04675705695151084,16
Edge165,0.030553604996369416,0.012423427978185748,0.01115440531932369,0.06052575426797391,16
Edge71,0.029907043441078668,,0.029907043441078668,0.029907043441078668,16
Edge28,0.029753621832866447,0.007906942767838467,0.020901727045222914,0.03921065613197779,16
Edge301,0.029528619809338408,0.010778881884326167,0.013045372648380611,0.05095744515811459,16
Edge140,0.02938095196215033,0.0054654874362358285,0.02306463299649745,0.03756143364537137,16
Edge191,0.02902343361219644,0.014417775386487626,0.012635780505316448,0.059723501558765026,16
Edge65,0.029001149219952223,,0.029001149219952223,0.029001149219952223,16
Edge290,0.028035681749661766,0.012865220915693793,0.016165945108518702,0.05757595089425881,16
Edge321,0.028012565008583647,0.009856012933538893,0.02104331142781598,0.034981818589351316,16
Edge265,0.027731648718861152,,0.027731648718861152,0.027731648718861152,16
Edge296,0.027549965567900497,0.009669780024886361,0.013011031222132215,0.05179800955584999,16
Edge10,0.027543544481797078,0.008732561144495058,0.014713014585738239,0.036845200963818076,16
Edge203,0.027471093382111646,,0.027471093382111646,0.027471093382111646,16
Edge269,0.027459070167254282,0.008879841214001304,0.021014807448371232,0.04059474293977831,16
Edge67,0.02730791230246107,,0.02730791230246107,0.02730791230246107,16
Edge5,0.02684290025593622,,0.02684290025593622,0.02684290025593622,16
Edge211,0.026603529090008123,,0.026603529090008123,0.026603529090008123,16
Edge111,0.026238675653002308,0.018567883647287026,0.013347235376094602,0.0475209849826881,16
Edge181,0.026146201503796786,,0.026146201503796786,0.026146201503796786,16
Edge75,0.026139641282159464,0.012515073588218961,0.007115297742369401,0.061929478364515074,16
Edge21,0.026008431149518407,0.008775634980859466,0.012673872875400286,0.04749861220335454,16
Edge115,0.025906902219400965,0.006539638336790814,0.01911126717342053,0.0341737785358986,16
Edge306,0.025899187632572863,0.008642425542322444,0.019788069925696837,0.03201030533944889,16
Edge216,0.025606290953514993,0.012252742729912988,0.012947149312904561,0.04962483777147235,16
Edge257,0.025496745448396484,0.016943393349429906,0.013515957114703546,0.03747753378208942,16
Edge266,0.02517058751338367,0.011536013019679865,0.00921115879160746,0.05296988985912027,16
Edge171,0.02511974031293492,0.007670366739034888,0.010972079357925919,0.0469581938031375,16
Edge152,0.025040080770258596,0.0133247602138309,0.007739314866726828,0.07312263718902023,16
Edge145,0.024916729641225703,,0.024916729641225703,0.024916729641225703,16
Edge168,0.024592911260890356,0.011762165397246399,0.010741860609857492,0.0501108163915251,16
Edge179,0.024576357280944768,0.008335224452990455,0.01216650116451175,0.03673920221289325,16
Edge163,0.024117065537082264,,0.024117065537082264,0.024117065537082264,16
Edge98,0.023764751370231377,,0.023764751370231377,0.023764751370231377,16
Edge175,0.023724369964289418,0.00857301193572633,0.015991317909241253,0.043169254287434726,16
Edge15,0.023427345031197803,,0.023427345031197803,0.023427345031197803,16
Edge197,0.023367492313598193,,0.023367492313598193,0.023367492313598193,16
Edge69,0.022938193729030325,0.008256044786803706,0.008488316788094318,0.033945067832642555,16
Edge126,0.022338373568102764,0.005516060412732828,0.018437929844824716,0.026238817291380813,16
Edge18,0.022221719863747717,0.006581053207159276,0.014874192820703791,0.028861399021885593,16
Edge244,0.022132708021720873,0.005514443964269376,0.013242655932408377,0.030551156493587105,16
Edge194,0.021934756049675035,0.0043296093523741115,0.018873259916722604,0.024996252182627465,16
Edge230,0.02180899766199803,0.004296480846693936,0.014264231513496954,0.027919843193005504,16
Edge170,0.021805074034642633,0.006365346824336329,0.0110811156159115,0.030268923046157328,16
Edge101,0.02159356843863072,0.01005952225126962,0.009053764594104285,0.04650492067538999,16
Edge58,0.02147494069335109,0.009479457429280974,0.009845292739471795,0.040159052743356405,16
Edge227,0.021130091766214547,0.001839015906038868,0.01982971114834454,0.022430472384084556,16
Edge114,0.02047052177557404,,0.02047052177557404,0.02047052177557404,16
Edge127,0.02045383514807468,0.00786719778953811,0.010490143271989109,0.029442039018748915,16
Edge24,0.020363208860833308,0.00382298610492001,0.015667722685260742,0.024003587662353432,16
Edge70,0.020308165316274093,0.008613239074431978,0.004782315177073986,0.04300982028709667,16
Edge147,0.02028012052940554,0.008142180785541995,0.00713871999723296,0.031859721914751504,16
Edge231,0.020202075777185875,,0.020202075777185875,0.020202075777185875,16
Edge188,0.020083943073376864,0.006346097624125725,0.015552899488845667,0.03121780616404907,16
Edge93,0.019988813427956924,,0.019988813427956924,0.019988813427956924,16
Edge315,0.019914540098825862,0.005672874867291151,0.015903211811341553,0.02392586838631017,16
Edge237,0.019712132383176952,,0.019712132383176952,0.019712132383176952,16
Edge97,0.019645570074861625,0.010232811332527767,0.007962511261023408,0.04479838098076192,16
Edge320,0.019546535646811195,0.004744874822981068,0.013491417933057234,0.025226764909172902,16
Edge32,0.019496015447897058,,0.019496015447897058,0.019496015447897058,16
Edge263,0.019290972485248494,0.005034277720280776,0.013875551616213256,0.02495830314100701,16
Edge35,0.019288259540981584,,0.019288259540981584,0.019288259540981584,16
Edge52,0.019270069849501567,0.003579709727273382,0.016738832826667112,0.021801306872336022,16
Edge281,0.018867203753459783,0.007787802862669562,0.013253181298270987,0.027757958674889515,16
Edge132,0.018832477865275282,0.00618412920066394,0.011648514297152466,0.028593852064736948,16
Edge318,0.018796833022624106,0.004342011791876922,0.012831937753987395,0.026588932348280175,16
Edge11,0.0185095983657534,0.0035593284311232418,0.013887145897570669,0.021668006466592477,16
Edge86,0.01839575051386084,0.007296326628455818,0.01060577469936935,0.02755434495575618,16
Edge119,0.018372545038170356,,0.018372545038170356,0.018372545038170356,16
Edge131,0.018096172474481403,0.007210858689263046,0.006626906580154213,0.03374000680506559,16
Edge12,0.01808392729011844,,0.01808392729011844,0.01808392729011844,16
Edge224,0.017951982291770887,0.0005860155385908371,0.01753760673055262,0.018366357852989155,16
Edge316,0.017933601756265714,0.00852631906602441,0.0068047041262745515,0.04261459423387896,16
Edge305,0.017794691853731223,0.006959490038369445,0.007302425112974323,0.029573451553838646,16
Edge45,0.017535318898685547,0.005935111019693229,0.005452254182896255,0.03242324111244075,16
Edge64,0.017491379214759788,0.004839332028476025,0.012656168811139937,0.025229784326543426,16
Edge189,0.017305824956500883,,0.017305824956500883,0.017305824956500883,16
Edge295,0.017262152902813542,0.0038894383200650854,0.012155234660862213,0.021785837248556386,16
Edge109,0.017105988953793994,,0.017105988953793994,0.017105988953793994,16
Edge187,0.017066716935569527,,0.017066716935569527,0.017066716935569527,16
Edge133,0.016583289212817584,0.0032917061820590576,0.011993200724503938,0.020836735943818015,16
Edge59,0.016548335047922465,0.0054409063703320885,0.010917653811191797,0.021777186333027682,16
Edge118,0.01593515718623712,,0.01593515718623712,0.01593515718623712,16
Edge156,0.015927125688885508,0.007459841869045672,0.008304021552171574,0.031096169762213837,16
Edge209,0.015750673919944055,0.011652655491398826,0.007511002203145282,0.023990345636742825,16
Edge90,0.015716293116386816,,0.015716293116386816,0.015716293116386816,16
Edge317,0.015643993040025447,0.005196784239454802,0.007716399558638636,0.022883037785618243,16
Edge123,0.015230015227157029,,0.015230015227157029,0.015230015227157029,16
Edge325,0.01484322233087267,,0.01484322233087267,0.01484322233087267,16
Edge103,0.014776849347121807,0.0055536860818646405,0.007706240232968415,0.019958862469835116,16
Edge60,0.013807188870486134,0.009630203772626628,0.008398875186372097,0.03099278259967317,16
Edge48,0.013576546125815738,0.007794002069270464,0.008218510241161808,0.026552211121401288,16
Edge270,0.0134634735530564,0.0010251475602330417,0.012738584761498771,0.014188362344614028,16
Edge7,0.013214559789315274,,0.013214559789315274,0.013214559789315274,16
Edge202,0.01313307719365152,0.004990340390147439,0.006088642361781726,0.022410188755261073,16
Edge258,0.012231893816939678,,0.012231893816939678,0.012231893816939678,16
Edge150,0.012042947104873674,0.007445804790693922,0.006777968045982718,0.017307926163764628,16
Edge22,0.012029279068037961,,0.012029279068037961,0.012029279068037961,16
Edge92,0.011938827292598712,,0.011938827292598712,0.011938827292598712,16
Edge169,0.011770581776183757,0.006585938940523171,0.0026038145211097798,0.020807124280465748,16
Edge185,0.010439483709550028,0.0021306962289497963,0.007377999889352142,0.014199295119266568,16
Edge20,0.09049975334908725,,0.09049975334908725,0.09049975334908725,17
Edge218,0.08942859675638845,0.020752233512619362,0.06120587863146864,0.10872945250222071,17
Edge294,0.06362337353327269,,0.06362337353327269,0.06362337353327269,17
Edge4,0.059057636773766194,0.027473345740655703,0.02236678993099719,0.10951982523274398,17
Edge251,0.05704628785602751,0.028078625496816154,0.012183706419532696,0.12478363322563515,17
Edge116,0.05503993428453214,0.017509024323709658,0.019655746180954996,0.10680405861127377,17
Edge204,0.05436450156245921,0.02381756806041413,0.02254735870735128,0.1400287205208153,17
Edge6,0.0522992498628419,0.01749217037945003,0.02859205442743181,0.09182364816439809,17
Edge139,0.05222617112953655,0.02410738391483665,0.023790595074137378,0.09996305335098363,17
Edge134,0.05112742800800059,,0.05112742800800059,0.05112742800800059,17
Edge323,0.049199148159503554,0.017823006548378012,0.0159004296545617,0.10661335486754911,17
Edge74,0.04913925609000375,0.02900311731096095,0.01570361072764337,0.15494071283295438,17
Edge117,0.04879321027299306,0.02650066152934363,0.011588253471169829,0.1314311283079146,17
Edge80,0.04796418268504819,0.021323704111786336,0.013763488025495266,0.09547473101411999,17
Edge259,0.04770374088252436,0.01636098684096309,0.023966254455934557,0.08997094001062704,17
Edge149,0.04715522928155552,,0.04715522928155552,0.04715522928155552,17
Edge277,0.04628842553515074,,0.04628842553515074,0.04628842553515074,17
Edge232,0.04523172887924355,0.02335875237062667,0.013818805954099853,0.12274944912064993,17
Edge300,0.0450178939764513,0.019026579425865657,0.020530717339949184,0.08110164552546544,17
Edge260,0.04469023760235781,0.020859628107871325,0.01953692747413368,0.13077580836045524,17
Edge54,0.04465677995154675,0.027828801513860697,0.012800298985338288,0.1152725020004697,17
Edge268,0.04352441672290494,0.028080145522493525,0.01944452918243779,0.08085017701412082,17
Edge112,0.04262831134654405,0.023438039908708016,0.013826473192424495,0.08655308579008228,17
Edge247,0.041898160686524466,0.02759522554061028,0.022385389578386726,0.06141093179466221,17
Edge89,0.041541620157007964,,0.041541620157007964,0.041541620157007964,17
Edge201,0.040488495254522604,0.01879101149168673,0.006648095961332459,0.09255946825469434,17
Edge178,0.03960557261046125,0.014445061956531837,0.019167110661755107,0.07317162526089913,17
Edge249,0.03959269626293289,0.016588798278590132,0.025702675525143326,0.057960872622724716,17
Edge136,0.038583252508921376,0.015539581873660844,0.019770291809246027,0.07340403029879251,17
Edge280,0.038467438092183205,0.015921517611808867,0.01952413606452879,0.06731670893729733,17
Edge1,0.037707933930765575,0.015661491181287224,0.012851957068654886,0.07186054702115718,17
Edge41,0.037668386763901385,0.014132170024033037,0.022748468125772768,0.06543735948649702,17
Edge130,0.036651663115868274,0.0011768801567985261,0.035819483176352154,0.0374838430553844,17
Edge311,0.036272405749611415,0.0032046890870852138,0.0343494223370051,0.03997189549116109,17
Edge79,0.036026513015265146,0.01778945562270861,0.01673744958482315,0.06070488043633853,17
Edge135,0.035249911927218,0.021095730963024625,0.007686305722342908,0.06828271523564582,17
Edge76,0.03495984700921196,0.019551791842697248,0.005273210006407048,0.0787843050144725,17
Edge68,0.03468943658752791,0.013686090009122584,0.017023245455555565,0.0850784623550986,17
Edge284,0.034479931205158826,0.014457905057215722,0.0137415169913331,0.06164262261839084,17
Edge14,0.033409959112120344,5.1904415716376284e-05,0.03337325714779377,0.033446661076446914,17
Edge211,0.033353104776756834,,0.033353104776756834,0.033353104776756834,17
Edge49,0.03329013130443693,0.014890624177407432,0.01696121746271634,0.06297811786525336,17
Edge65,0.033006813903567536,,0.033006813903567536,0.033006813903567536,17
Edge238,0.03232216640286444,0.010181367457327187,0.015353176198577796,0.0422485108462909,17
Edge301,0.03212111594451254,0.01401965662307005,0.010741318851937506,0.060639616012973525,17
Edge206,0.03160091501398454,,0.03160091501398454,0.03160091501398454,17
Edge39,0.03105807501723577,0.010849888863790918,0.01655385590117832,0.055112947943800776,17
Edge40,0.030665998847334335,0.0077157249270768,0.02521015742962825,0.03612184026504042,17
Edge189,0.030247406804866806,,0.030247406804866806,0.030247406804866806,17
Edge28,0.02976581620801705,0.009985212260343743,0.018893016860466842,0.04250678129103289,17
Edge153,0.029505961807630293,0.006640226029180492,0.021784580823132463,0.03795523222034736,17
Edge67,0.02949008754537213,,0.02949008754537213,0.02949008754537213,17
Edge34,0.02861243993071308,0.00539161382316286,0.02358272000070296,0.03604874516316172,17
Edge10,0.02855834580974968,0.010661777603657599,0.01032017673645552,0.04205484599541617,17
Edge165,0.028516747667907127,0.012767688602148613,0.007657280593717172,0.07109471639166044,17
Edge254,0.027946215723617558,0.01675039326145772,0.010729414619166305,0.05173822758184241,17
Edge93,0.02768105292865901,,0.02768105292865901,0.02768105292865901,17
Edge191,0.026712255528079,0.013328011623826626,0.010571747720026276,0.0476624327896265,17
Edge290,0.026575440356990186,0.014160332344621798,0.016295204599246334,0.06300338379271234,17
Edge269,0.026140762586821083,0.008007134185102696,0.017525732964976972,0.03324742910933514,17
Edge71,0.0259298095456923,,0.0259298095456923,0.0259298095456923,17
Edge111,0.025706948931450452,0.01685590096670768,0.010633293344851122,0.043907269484718306,17
Edge115,0.025674089416275293,0.00795967464666744,0.01506464047916199,0.03812922513717727,17
Edge168,0.02553918176733294,0.010567877332410556,0.007006154134635707,0.043577785714188015,17
Edge21,0.025385808270829643,0.010196687786978935,0.009788915064291193,0.050215112186547034,17
Edge52,0.025342375459069255,0.004037716750170327,0.02248727856451331,0.028197472353625203,17
Edge5,0.02523527134227293,,0.02523527134227293,0.02523527134227293,17
Edge171,0.02515179385134211,0.010261376449766142,0.010437016927112507,0.05721515485049732,17
Edge197,0.025122734006229545,,0.025122734006229545,0.025122734006229545,17
Edge296,0.024914950004080384,0.007614196238240077,0.014770294458413366,0.03836677465119183,17
Edge18,0.02479584985219584,0.005399636211839929,0.01830900893916442,0.03150710304569519,17
Edge266,0.024620459658760287,0.01342660468136406,0.007707641375332108,0.06751499171120225,17
Edge265,0.024424510895578434,,0.024424510895578434,0.024424510895578434,17
Edge306,0.02429179906885693,0.01075107868099127,0.01668963842845788,0.03189395970925598,17
Edge227,0.024250314298498325,0.0014491548156261487,0.023225607101379935,0.025275021495616716,17
Edge257,0.02417598876074828,0.01826520365983442,0.011260539393126014,0.03709143812837054,17
Edge75,0.02372805827992434,0.010439003603863574,0.006849013810799339,0.0461907264166278,17
Edge11,0.02359805179710827,0.008570024279539701,0.01398147941868523,0.034605265000455764,17
Edge145,0.023342161439708978,,0.023342161439708978,0.023342161439708978,17
Edge179,0.023147649805424553,0.0052819715457719145,0.01787571209019656,0.0361533884037677,17
Edge140,0.023141015019263238,0.003534624688258074,0.018776399596735483,0.02879521122612756,17
Edge216,0.023111376880291634,0.013717368951814966,0.01063887847451748,0.04878457398964237,17
Edge181,0.022743335134058674,,0.022743335134058674,0.022743335134058674,17
Edge233,0.02269394047563875,0.016071848166609285,0.012298428608641372,0.04120538497609287,17
Edge152,0.02249707606069284,0.010780933468356856,0.007892340114523253,0.05379193955332712,17
Edge118,0.022308659784428277,,0.022308659784428277,0.022308659784428277,17
Edge203,0.02224287351550436,,0.02224287351550436,0.02224287351550436,17
Edge126,0.022092673872160296,0.00484436182377201,0.018667192776049876,0.025518154968270715,17
Edge230,0.021864301872164024,0.007419082957618639,0.011057989090837085,0.03437704525343011,17
Edge321,0.021824543470312534,0.005149718579852891,0.018183142541296195,0.02546594439932887,17
Edge12,0.021709683411373755,,0.021709683411373755,0.021709683411373755,17
Edge244,0.021640355482375726,0.007857057942603426,0.008424809972534626,0.03093884188790562,17
Edge101,0.02149048089635782,0.010420908406374881,0.011879289537124294,0.051063441800891535,17
Edge224,0.021345423927377108,0.008764726701706927,0.015147826241353336,0.027543021613400876,17
Edge114,0.02134519983658577,,0.02134519983658577,0.02134519983658577,17
Edge295,0.021335320156753577,0.007258982446942529,0.014965472701872413,0.03441374086043854,17
Edge163,0.021296608531065617,,0.021296608531065617,0.021296608531065617,17
Edge315,0.02124878458898371,0.0011501204646828618,0.020435526609225034,0.022062042568742384,17
Edge194,0.021172357087090397,0.005539882063347385,0.017255068913123738,0.025089645261057055,17
Edge7,0.02062286228941601,,0.02062286228941601,0.02062286228941601,17
Edge15,0.02052774998504667,,0.02052774998504667,0.02052774998504667,17
Edge263,0.020491650893415904,0.014157865554578713,0.006856859503978165,0.04024662837447276,17
Edge170,0.020415679042816534,0.009356225464619516,0.007764352671276437,0.040239908875336294,17
Edge325,0.020407287773326215,,0.020407287773326215,0.020407287773326215,17
Edge175,0.020341429308632433,0.006566035126090365,0.010624397165791496,0.029552327371434674,17
Edge70,0.020240633395112576,0.007562939874696292,0.010028856822580692,0.047277653108378365,17
Edge132,0.020102822093137514,0.005211899278104652,0.013309125687511698,0.02642452652975792,17
Edge97,0.020017802801187628,0.010788582862721831,0.007162210520898563,0.04531633674232001,17
Edge164,0.019972776130061428,0.005528876155026512,0.016063270308501576,0.02388228195162128,17
Edge69,0.01983700892841361,0.00541164056819053,0.00983767384691138,0.02853787717416396,17
Edge147,0.019501789831387135,0.006443964574795111,0.010999545643952006,0.031082824540724165,17
Edge45,0.01937459675233909,0.007893728385138894,0.007122935634388488,0.03517827310126913,17
Edge58,0.01919036345562389,0.0073723628993352065,0.00874430275442529,0.03162255949966077,17
Edge127,0.01913960720859812,0.007812619957742517,0.009932427522021114,0.03144577153995805,17
Edge318,0.01890669504435972,0.004708953142243037,0.010784746923573283,0.029506227582583488,17
Edge305,0.018835796890956612,0.005431557844560419,0.013409015985204796,0.029005811648502324,17
Edge320,0.01880819465612247,0.0029867821702334357,0.01339379571952623,0.021501459019658904,17
Edge92,0.01865808733539799,,0.01865808733539799,0.01865808733539799,17
Edge24,0.01800306970532554,0.005610810245475478,0.010355733738816267,0.022700848212262464,17
Edge119,0.017635297925722555,,0.017635297925722555,0.017635297925722555,17
Edge98,0.017500886328861834,,0.017500886328861834,0.017500886328861834,17
Edge131,0.017335871800837312,0.006813117189351555,0.005882829615103264,0.03170562218995218,17
Edge237,0.017067123467018903,,0.017067123467018903,0.017067123467018903,17
Edge86,0.016981015479044063,0.010218211990589855,0.0036999106726399488,0.027556038102681184,17
Edge187,0.01660097805885434,,0.01660097805885434,0.01660097805885434,17
Edge103,0.016528108073797124,0.009486170146078082,0.004498025196930416,0.028686035506893803,17
Edge317,0.016444296672434723,0.006455692383535561,0.007642200077714855,0.02811515702201167,17
Edge316,0.016416528792820604,0.00810788397253727,0.0020431809987433965,0.040801695173863936,17
Edge48,0.016321903237380968,0.007681131559503683,0.00803261445812884,0.02846262167036832,17
Edge133,0.01622037824619449,0.00490492069625679,0.009819100621931113,0.02407741201560014,17
Edge270,0.015837022572845236,0.0012448788737336918,0.014956760279472271,0.016717284866218204,17
Edge150,0.015471829984901774,0.010769817293877194,0.007856419144261056,0.02308724082554249,17
Edge59,0.015459474364700658,0.00597086142566197,0.008892830346816889,0.020562295184098762,17
Edge156,0.015233553246881451,0.00801614893666725,0.004554039376864403,0.029975240114105257,17
Edge188,0.015096789543518738,0.008367121543709147,0.007757015073121358,0.027325381233783412,17
Edge60,0.014514684762258942,0.006110032578393418,0.007994618051278157,0.021332997922859635,17
Edge32,0.014423999987773878,,0.014423999987773878,0.014423999987773878,17
Edge209,0.014324226631525102,0.004554550871613468,0.011103672824948117,0.017544780438102085,17
Edge258,0.014201990150309155,,0.014201990150309155,0.014201990150309155,17
Edge281,0.01396485280760197,0.005664569693947909,0.008020871210157805,0.01930098444276484,17
Edge22,0.013154097699564212,,0.013154097699564212,0.013154097699564212,17
Edge169,0.013140260675921318,0.006680124279471091,0.004086038429159075,0.024100254535619755,17
Edge202,0.012692541209268821,0.0058593702958053325,0.0037202733552491505,0.022309267571910273,17
Edge90,0.011939710020185602,,0.011939710020185602,0.011939710020185602,17
Edge64,0.01125095196381639,0.00413152127002797,0.008406842046430774,0.01834310726418593,17
Edge185,0.011186378317417412,0.004351797312383589,0.004631500894344382,0.018219377666801866,17
Edge123,0.010859568222780983,,0.010859568222780983,0.010859568222780983,17
Edge231,0.01079826597665337,,0.01079826597665337,0.01079826597665337,17
Edge109,0.009904178526875116,,0.009904178526875116,0.009904178526875116,17
Edge35,0.007943910687402822,,0.007943910687402822,0.007943910687402822,17
Edge218,0.09331625975668759,0.02741319711384687,0.054728923692811744,0.11731145012828834,18
Edge20,0.09108639588741578,,0.09108639588741578,0.09108639588741578,18
Edge4,0.05688442265537444,0.024197591137696987,0.02583151612296887,0.09885661903607572,18
Edge251,0.055354490715555475,0.027871570602630458,0.013577692471009721,0.1202838060206777,18
Edge204,0.05380242533831921,0.024174832305578917,0.011732152441104836,0.1407898576010745,18
Edge6,0.052906273063678684,0.02004130415293644,0.0231032323286437,0.09558755833430516,18
Edge139,0.052424768572856814,0.030196176868841556,0.01836777828594179,0.1125113126831595,18
Edge116,0.051706210092319856,0.01660393373041388,0.028258229951622974,0.09853012640327372,18
Edge323,0.050256836875146885,0.01915051836611388,0.011765160462894286,0.11647118906394092,18
Edge74,0.05020782776589145,0.029113005495799888,0.017861658626709204,0.1549218971700035,18
Edge259,0.050076252576067494,0.016988524889530787,0.018917559572681104,0.07953711896812139,18
Edge80,0.04790253527555773,0.020843150589132952,0.01945896629507659,0.09332164528630078,18
Edge89,0.047067503731672795,,0.047067503731672795,0.047067503731672795,18
Edge117,0.046708436916852863,0.02437210518723319,0.011813160500394465,0.11722444121713936,18
Edge300,0.046423684548692896,0.01857994909959006,0.022975207915230285,0.07998647885054556,18
Edge112,0.04604079563688067,0.02275611688001387,0.01551681185742848,0.08528562076318921,18
Edge268,0.04551816012396115,0.02843820932107297,0.01892033982620909,0.08565165873450005,18
Edge54,0.04534364888169213,0.03029575437142346,0.009019429325699912,0.12427616681923542,18
Edge260,0.04532925146107628,0.022758889436037145,0.01440405657704887,0.1399613077347335,18
Edge134,0.04527976811652368,,0.04527976811652368,0.04527976811652368,18
Edge247,0.04414703489674256,0.02567398137182123,0.025992788568670665,0.062301281224814445,18
Edge232,0.04352984667887538,0.02040576550243477,0.016200058257691934,0.11480385034291174,18
Edge294,0.0433625397962429,,0.0433625397962429,0.0433625397962429,18
Edge201,0.04190426685950916,0.01901045218041088,0.010113889774546447,0.09789122448146868,18
Edge14,0.041202372987970706,0.005230052371540027,0.03750416749009396,0.04490057848584744,18
Edge181,0.039840896278327216,,0.039840896278327216,0.039840896278327216,18
Edge249,0.03971239603173401,0.01647167998448729,0.02261694399770867,0.055479912996247396,18
Edge178,0.03761258412816047,0.013446526556040353,0.016607474356635885,0.06472257069892283,18
Edge1,0.03709805516784582,0.017670312855073058,0.014536746406765532,0.07455646354804175,18
Edge136,0.03705162244815173,0.016534517068957418,0.01801120285592325,0.07884943576177943,18
Edge135,0.036814996980966096,0.024551986336169278,0.010381268288803019,0.07268938495711556,18
Edge76,0.036004390554458754,0.02027480567358685,0.0050632709244506306,0.07857281833899973,18
Edge311,0.03574774863270098,0.0023264363453509695,0.033534020558258916,0.038172513302856925,18
Edge68,0.035600068031968614,0.014921013057281622,0.016427625734404663,0.08903050707958465,18
Edge284,0.035256770279646056,0.01488250977385654,0.016229045928756253,0.06869308065300077,18
Edge41,0.0346525978346963,0.013399237568063407,0.01923606828834638,0.06035666172786991,18
Edge49,0.034611954537844776,0.012735401703109819,0.019230913007434167,0.057854839051038436,18
Edge280,0.033780138355126,0.009962099143479989,0.017645920565197867,0.055163596538072936,18
Edge79,0.033723487719779656,0.01572499891506204,0.0204990101261296,0.06035801462107277,18
Edge40,0.03346501039938993,0.00570869719421222,0.02942835190162185,0.037501668897158,18
Edge39,0.03274174984573646,0.012928154333376135,0.00926561265876472,0.07030328816076124,18
Edge34,0.03251334987617034,0.006868036006782419,0.025445853658723032,0.04192407831691273,18
Edge149,0.03095098119759178,,0.03095098119759178,0.03095098119759178,18
Edge238,0.030564292646324986,0.006904966190127286,0.021564158399616055,0.03832731137990873,18
Edge153,0.03045486323774677,0.013965477697499144,0.012970250549758491,0.04515445348976852,18
Edge301,0.029702882147400207,0.01573286702372155,0.010712492211291893,0.06137039836654856,18
Edge197,0.029539038578805646,,0.029539038578805646,0.029539038578805646,18
Edge67,0.029136060641146145,,0.029136060641146145,0.029136060641146145,18
Edge257,0.028788479091459387,0.01876872127042986,0.01551698900693824,0.04205996917598054,18
Edge28,0.028001782082102033,0.009113498478423914,0.016911504080989806,0.0392130724299997,18
Edge306,0.027923894678287178,0.002544960247268797,0.026124336029593218,0.029723453326981137,18
Edge145,0.027697431615840432,,0.027697431615840432,0.027697431615840432,18
Edge296,0.02768600523055705,0.010761178411268363,0.013345867707687597,0.05228404807476191,18
Edge164,0.02759577274989397,0.01270344306536242,0.01861308201395898,0.03657846348582896,18
Edge203,0.027536138110047757,,0.027536138110047757,0.027536138110047757,18
Edge165,0.027340997535771665,0.012050143960665725,0.010420685169183357,0.0622041025010387,18
Edge254,0.02734010054035742,0.017947587279509885,0.011109543806236449,0.050068137992120426,18
Edge206,0.02701046383967259,,0.02701046383967259,0.02701046383967259,18
Edge130,0.026769476378832008,0.010568321013382878,0.01929654492451269,0.03424240783315133,18
Edge10,0.026474489443464862,0.010715125130281205,0.007519651071272583,0.03754276001786424,18
Edge266,0.026461967068068054,0.012267006974900864,0.010282506622360826,0.05917556197023656,18
Edge71,0.026320812092635013,,0.026320812092635013,0.026320812092635013,18
Edge321,0.02625011577490332,1.9974029025537774e-05,0.026235992003531744,0.02626423954627489,18
Edge290,0.02618710136100222,0.010691257993090116,0.009595680652230284,0.04916730890529546,18
Edge18,0.02583113918983409,0.011151051630681362,0.011950769153976621,0.03794746745568014,18
Edge216,0.025778562887007576,0.016463692425131675,0.006233185739144816,0.06060352467141409,18
Edge179,0.025574442183519376,0.006515689256882125,0.012606602438455435,0.03346126629323638,18
Edge118,0.025549591033677235,,0.025549591033677235,0.025549591033677235,18
Edge233,0.02552551640962532,0.0119451215041895,0.018105133302648284,0.03930493651643995,18
Edge93,0.02542453930966345,,0.02542453930966345,0.02542453930966345,18
Edge140,0.025290127026661592,0.00595886162448469,0.014072282995103061,0.031919516276591356,18
Edge21,0.025186187935940012,0.010308836209081311,0.011428040111697688,0.052899560818922976,18
Edge152,0.025008664640456306,0.013149946719728495,0.005355373896582603,0.07237336841927068,18
Edge269,0.025003391887467953,0.005980181672888924,0.01851926065401484,0.03286310155645056,18
Edge227,0.02493166875103639,0.012033625285819678,0.01642261070917539,0.03344072679289739,18
Edge191,0.02475622903334482,0.010269265148820483,0.011086820144337204,0.03831228721616177,18
Edge277,0.02473523672530022,,0.02473523672530022,0.02473523672530022,18
Edge170,0.024413094610648094,0.00995624652038946,0.015329989698031092,0.046424778623635185,18
Edge237,0.024360501158823628,,0.024360501158823628,0.024360501158823628,18
Edge98,0.023964898966175527,,0.023964898966175527,0.023964898966175527,18
Edge171,0.023941793226916502,0.009910838524655487,0.0040972007226750245,0.04799262101429825,18
Edge265,0.02379854371879976,,0.02379854371879976,0.02379854371879976,18
Edge244,0.023766072987161838,0.005145101905521366,0.013279017930127385,0.03355270375045639,18
Edge75,0.02373517903659131,0.010263384929777826,0.008941808806319514,0.05324176538030096,18
Edge111,0.02370740026530943,0.007001675556297411,0.017505377567394176,0.03130003119261078,18
Edge5,0.02332065714803504,,0.02332065714803504,0.02332065714803504,18
Edge69,0.023185809253417133,0.006881884290985551,0.0148323508719639,0.031169698845951457,18
Edge224,0.023163472998581142,0.013938639939181137,0.013307366177068515,0.03301957982009377,18
Edge65,0.022725004351083412,,0.022725004351083412,0.022725004351083412,18
Edge15,0.02233911536886981,,0.02233911536886981,0.02233911536886981,18
Edge315,0.022286408762337437,0.0006797241471368465,0.021805771208560733,0.022767046316114144,18
Edge52,0.022097690845998125,0.0015636370513828369,0.020992032483650783,0.023203349208345467,18
Edge115,0.02193121986508954,0.0076681093796248595,0.01460298342551025,0.037101934021632234,18
Edge175,0.021861755998780062,0.0067961488569242235,0.014599264542473973,0.03769262032535334,18
Edge114,0.021549571138794296,,0.021549571138794296,0.021549571138794296,18
Edge168,0.021505709244783663,0.008957614348374925,0.007071142006476374,0.0416746189693849,18
Edge12,0.021425158151559015,,0.021425158151559015,0.021425158151559015,18
Edge211,0.02135781509421676,,0.02135781509421676,0.02135781509421676,18
Edge101,0.02118940064041678,0.011011030706066011,0.010001595854428367,0.05010760292038887,18
Edge97,0.021133980121300234,0.009003867451425982,0.009442499867294497,0.04726643508525801,18
Edge132,0.021121202694443886,0.010354306630877939,0.01078138449810549,0.03989948886938738,18
Edge70,0.021081723308531142,0.008703630842972342,0.007685772228209662,0.04772069452429387,18
Edge58,0.020865320375755354,0.008127465120176224,0.009571871846668968,0.03575018065997645,18
Edge263,0.020854552515385264,0.010562898435863145,0.012740683088710633,0.035587104383449863,18
Edge305,0.02077362478176391,0.004735826356239528,0.01530581042145445,0.02892899673379246,18
Edge187,0.02010266709026546,,0.02010266709026546,0.02010266709026546,18
Edge147,0.019959190064586133,0.006755276465806272,0.013648491010817021,0.035936696615115574,18
Edge126,0.019933166344569417,0.005117479177849277,0.016314562115331235,0.023551770573807602,18
Edge189,0.019734101837150138,,0.019734101837150138,0.019734101837150138,18
Edge230,0.01952835194826467,0.0067412085554648645,0.011127576530803021,0.03494513865709351,18
Edge86,0.019477903052662456,0.007610080362348638,0.012634834476313432,0.031555172497542076,18
Edge320,0.019346848524116746,0.0034864033006037514,0.01423677921704722,0.02386806576887907,18
Edge316,0.019050318028433485,0.00950918220355095,0.006018983114448333,0.04144372071693011,18
Edge45,0.018644998364757918,0.008889138214545931,0.007932249103548103,0.040460144913459235,18
Edge188,0.017760815002650025,0.003204504509224579,0.013981290054593507,0.02117532778948694,18
Edge281,0.017313794469057706,0.008031015716612844,0.010800493666709607,0.026287078314321137,18
Edge194,0.017251136584317074,0.004825507020129329,0.013838987847720335,0.020663285320913813,18
Edge133,0.017125508824534424,0.005434879865628071,0.010656784658207618,0.024990142792488786,18
Edge318,0.01681700230448647,0.006157907304109306,0.006705397342875387,0.029410996255903158,18
Edge317,0.016775720369075063,0.006951507798020395,0.003784113536489452,0.027440913529786965,18
Edge131,0.016581002399520588,0.008238185298743986,0.003357468868579978,0.03396399191603497,18
Edge48,0.016378582753862576,0.006912549378589477,0.010583009487807908,0.028365248968289538,18
Edge295,0.01631540876623826,0.004515158915556101,0.011588558122073277,0.02328907869563374,18
Edge24,0.016312814865350786,0.0037240091295002724,0.013003665428880732,0.01955081087648316,18
Edge231,0.01618750407697206,,0.01618750407697206,0.01618750407697206,18
Edge258,0.016144883613821194,,0.016144883613821194,0.016144883613821194,18
Edge127,0.015841849405011117,0.006333772930763353,0.009178499541347002,0.026207057178946624,18
Edge156,0.01580755445193872,0.008615955968867302,0.009109646144007128,0.03476774724046446,18
Edge325,0.0157658118495245,,0.0157658118495245,0.0157658118495245,18
Edge11,0.01552651182748149,0.005146702396481212,0.010956125365362973,0.02012089480634522,18
Edge103,0.015229827582767308,0.006187966675159746,0.008435988350186477,0.024328283431455485,18
Edge209,0.015144200719390433,0.006284194184061906,0.010700604397547197,0.01958779704123367,18
Edge163,0.014484537327716802,,0.014484537327716802,0.014484537327716802,18
Edge64,0.014208498956377612,0.005604133452543013,0.007050115822725822,0.019023329130995584,18
Edge60,0.013796983487032214,0.008157386612190738,0.0033700757601353598,0.025813943491802358,18
Edge202,0.013567322526413616,0.005657616012027504,0.00575484182383824,0.024420973499376004,18
Edge150,0.013486780205251715,0.007005214573644252,0.008533345476561037,0.018440214933942396,18
Edge169,0.013127243473901843,0.005916486478042678,0.004993402906505482,0.021441331576470712,18
Edge270,0.012024243687968707,0.0032909302745526736,0.009697204574420405,0.014351282801517009,18
Edge109,0.011670505695217163,,0.011670505695217163,0.011670505695217163,18
Edge22,0.011132448134948902,,0.011132448134948902,0.011132448134948902,18
Edge59,0.010950189166954888,0.002655504135262461,0.008902427492324715,0.013950608975637073,18
Edge35,0.010909295757707011,,0.010909295757707011,0.010909295757707011,18
Edge123,0.010487067190814058,,0.010487067190814058,0.010487067190814058,18
Edge32,0.009973485443209735,,0.009973485443209735,0.009973485443209735,18
Edge185,0.009939355501042869,0.0029635596197877846,0.003005173583132926,0.013950075826951994,18
Edge119,0.00976821439914391,,0.00976821439914391,0.00976821439914391,18
Edge7,0.008486255046283843,,0.008486255046283843,0.008486255046283843,18
Edge92,0.007741450253022621,,0.007741450253022621,0.007741450253022621,18
Edge90,0.0060761622689752895,,0.0060761622689752895,0.0060761622689752895,18
Edge20,0.09351722081888114,,0.09351722081888114,0.09351722081888114,19
Edge218,0.09177607807138596,0.027785409981597786,0.05544639880609618,0.1159115263318451,19
Edge294,0.06378686116688316,,0.06378686116688316,0.06378686116688316,19
Edge4,0.05830473383913839,0.02453214629541779,0.020006448949502306,0.10381935357238503,19
Edge6,0.058135898841581456,0.0207606397026397,0.026201026756491948,0.10092400063049815,19
Edge251,0.05556203741255663,0.02932567200582041,0.014019414560317961,0.13729469838382696,19
Edge116,0.05454427289130728,0.01803142845679087,0.01861376652989924,0.10569409944278063,19
Edge139,0.054403861313195676,0.021146989960976224,0.03603460405083495,0.09753450463345749,19
Edge204,0.05389975024940135,0.026049863652763707,0.022480122961000173,0.1645186935765566,19
Edge112,0.049656043148492146,0.014642932930987106,0.024376283649153053,0.0675046329973136,19
Edge74,0.049473364174080874,0.03023208278817069,0.014178603103398295,0.16672140305029762,19
Edge259,0.04907457069781474,0.01682375682121138,0.02824201134786372,0.0952871605318081,19
Edge268,0.04820641134462898,0.03056657627910637,0.022547551534881336,0.09095972617131878,19
Edge117,0.04787878238678958,0.02697916516421646,0.012537843367941387,0.13555057935427167,19
Edge80,0.047614173517376665,0.0226703946767241,0.020242473056522936,0.10444592652296099,19
Edge323,0.04656329588259203,0.017790393805418043,0.0153790635622425,0.10040300691428782,19
Edge300,0.046474493847628855,0.021205842557525143,0.02375482824490558,0.09180269873553859,19
Edge260,0.045596720008045356,0.02189346451826793,0.016555484426775336,0.1383197919323059,19
Edge232,0.04471245674626413,0.020450427602738755,0.0193403842758858,0.09734798116459323,19
Edge247,0.04460716992096269,0.02300227363910869,0.028342106248040372,0.06087223359388501,19
Edge54,0.04458580370821509,0.03359845468753927,0.007943829632960375,0.1319126366162714,19
Edge89,0.0417567248523422,,0.0417567248523422,0.0417567248523422,19
Edge201,0.04073481224466039,0.018800773794490203,0.008519234838928528,0.09073006860318729,19
Edge249,0.04024314491270966,0.016515282227989238,0.021173475560370657,0.04990179463030786,19
Edge149,0.03993763405398731,,0.03993763405398731,0.03993763405398731,19
Edge277,0.03934082704825203,,0.03934082704825203,0.03934082704825203,19
Edge178,0.039257489635790836,0.014299168621292364,0.013631745422960284,0.05727006360330419,19
Edge136,0.039117878896521754,0.014731880741587908,0.02013510421843718,0.06751835332659192,19
Edge134,0.03756521661322009,,0.03756521661322009,0.03756521661322009,19
Edge280,0.03709414482867799,0.01754925690340024,0.019837913497819406,0.07239180865892954,19
Edge14,0.036795879554585985,0.0010215367791987576,0.03607354397078308,0.03751821513838889,19
Edge34,0.03658550834448722,0.006810416460227586,0.027900326397629623,0.04393106111385079,19
Edge257,0.03645527739323849,0.0215405698582501,0.0212237943758473,0.05168676041062969,19
Edge311,0.036202905849465554,0.007162193808897319,0.027977355263290964,0.04105882199186693,19
Edge1,0.03609027597631621,0.018147005966439863,0.006989104094303122,0.07670304079539972,19
Edge49,0.035015097051253975,0.015180794165918804,0.0220172312318465,0.07568204538759818,19
Edge76,0.035008275020645435,0.02044653389913808,0.004720495775681909,0.08251971949393358,19
Edge65,0.034279892531725836,,0.034279892531725836,0.034279892531725836,19
Edge41,0.03384963707273245,0.014522154773104378,0.020332276861214374,0.06145227618742733,19
Edge68,0.033759720221708464,0.01621518378126885,0.013614306598029025,0.09172888424943046,19
Edge284,0.033161075582966854,0.017364184536233538,0.009738463112638788,0.06555812477461703,19
Edge238,0.03303401575085119,0.011356048563406442,0.01660119167877604,0.043432346611368314,19
Edge135,0.033012858107650755,0.019541191314550333,0.012251988119834042,0.06111448267451641,19
Edge153,0.03300624465981235,0.00844719349549319,0.024676480006345165,0.043778091450905,19
Edge206,0.03214367972905802,,0.03214367972905802,0.03214367972905802,19
Edge39,0.03193516952200967,0.012677627018664707,0.006029410127291927,0.06555257142770449,19
Edge301,0.03137263563914565,0.017415606775742585,0.0050295148575798055,0.060845615916022985,19
Edge40,0.031229293921338146,0.009987658131284036,0.024166953128534244,0.03829163471414205,19
Edge79,0.030744877449830094,0.017642857855237483,0.014196038542168953,0.05617282206983473,19
Edge28,0.030639600056183748,0.010772778798560019,0.018238509673061024,0.044528651359495845,19
Edge5,0.03019146644490138,,0.03019146644490138,0.03019146644490138,19
Edge10,0.029998908105698968,0.011556042997782252,0.01389380672151262,0.04587710688427115,19
Edge98,0.029257629970437692,,0.029257629970437692,0.029257629970437692,19
Edge254,0.02921867680259548,0.022348182870080294,0.006366039424345212,0.05542120470990785,19
Edge67,0.02911428556479198,,0.02911428556479198,0.02911428556479198,19
Edge114,0.029113662593721043,,0.029113662593721043,0.029113662593721043,19
Edge130,0.028998776525015816,0.009355773537412513,0.022383245613465774,0.03561430743656586,19
Edge21,0.02888643555541606,0.010733698326848866,0.0129180809477603,0.056094026629832254,19
Edge164,0.028495970759697155,0.0034067544412963078,0.026087031592419145,0.03090490992697516,19
Edge52,0.028403269935928982,0.00028677758502411633,0.028200487560866128,0.028606052310991836,19
Edge165,0.028301734429119166,0.010810403320017268,0.010866055482648013,0.0576784777127683,19
Edge203,0.028085393924379712,,0.028085393924379712,0.028085393924379712,19
Edge227,0.027908313938627045,0.009869025484503545,0.020929859094831735,0.034886768782422355,19
Edge269,0.02768986812629114,0.0067134250334366236,0.021064696499127344,0.035840141007098036,19
Edge118,0.027481857157565168,,0.027481857157565168,0.027481857157565168,19
Edge15,0.02729687065104429,,0.02729687065104429,0.02729687065104429,19
Edge194,0.027267320080606595,0.0063797251471029645,0.022756173166983747,0.03177846699422945,19
Edge265,0.027118622661857404,,0.027118622661857404,0.027118622661857404,19
Edge191,0.026909588168705565,0.013246140232866835,0.010742588932618731,0.04260575102137257,19
Edge306,0.026841106943622003,0.010754479963205174,0.01923654123350477,0.03444567265373923,19
Edge181,0.02677492547093266,,0.02677492547093266,0.02677492547093266,19
Edge321,0.026325550901682388,0.010504881128654045,0.01889747822005252,0.033753623583312256,19
Edge266,0.026240428901546948,0.013774075378862894,0.0074914987376732915,0.07144015696714782,19
Edge111,0.025849591522124533,0.012179872127484375,0.015892501170643503,0.039429970737254745,19
Edge93,0.02581168124091994,,0.02581168124091994,0.02581168124091994,19
Edge315,0.025533587051104388,0.006550473728034331,0.020901702658026988,0.030165471444181788,19
Edge115,0.025458273390583857,0.004760695022210313,0.019706839553556513,0.03377906054895375,19
Edge18,0.025206232720086364,0.006187152631562262,0.018825665919730873,0.031282574871901905,19
Edge290,0.025150016647189476,0.012081407757708107,0.01309628713738271,0.04984889200236876,19
Edge233,0.025071319827335053,0.006672165190078994,0.019500504599403622,0.03246566458514286,19
Edge296,0.024989551468260665,0.011417266477571193,0.012922863611383074,0.05318348137432667,19
Edge171,0.024943823513527134,0.010519115525958725,0.01186499823327134,0.06118685270073483,19
Edge244,0.024581205124478943,0.007491075120168881,0.011103283918294586,0.033830537812132064,19
Edge152,0.023878352610177064,0.010676939500678386,0.00986267943548873,0.06435307451813856,19
Edge75,0.023566048184646565,0.009935840779914431,0.005357705608252362,0.04520144740046823,19
Edge179,0.023326023239285027,0.007968362215316417,0.009311713849268693,0.031990514521119784,19
Edge168,0.023016763994162626,0.009391968298742457,0.010274735600663906,0.039502085378500494,19
Edge216,0.022701138278520088,0.011688769762069912,0.009249660659169849,0.04600719063191357,19
Edge140,0.0223164318824268,0.0045334933560075286,0.015566968908261009,0.028367545753858567,19
Edge145,0.022091432865969693,,0.022091432865969693,0.022091432865969693,19
Edge170,0.02194510374891182,0.007957895791334019,0.008844442466114393,0.033973844762112425,19
Edge132,0.021912490638729614,0.006617956303998998,0.014496754832622092,0.032388690487389786,19
Edge69,0.02188610879037369,0.009203649483754942,0.01139189226056415,0.03622180520330539,19
Edge119,0.021784748702150566,,0.021784748702150566,0.021784748702150566,19
Edge175,0.021515481118504307,0.010885299067040648,0.012220324046268577,0.045054958641416065,19
Edge22,0.021091971865342726,,0.021091971865342726,0.021091971865342726,19
Edge189,0.020757864843371828,,0.020757864843371828,0.020757864843371828,19
Edge58,0.02038072988877738,0.008540408433588042,0.005984342741721582,0.035166120349858394,19
Edge101,0.02033128168839208,0.010288192536367449,0.007449670375071091,0.046871637118412315,19
Edge12,0.020241082950448762,,0.020241082950448762,0.020241082950448762,19
Edge230,0.02023260220068748,0.006307995956031501,0.014796241433862455,0.03305923131700483,19
Edge97,0.020228787308701097,0.009700367507509603,0.008179039649425625,0.04244491617539006,19
Edge147,0.019773336543625876,0.007492381236667484,0.006124820423952401,0.03191944560741126,19
Edge70,0.01961692016347967,0.008911972310361204,0.002751488400056253,0.04253195646236917,19
Edge263,0.019546546902502702,0.008835805081811917,0.008443750916632705,0.029770682645364838,19
Edge305,0.019542041137143387,0.0075332294738133295,0.007173472183614883,0.02667259208067536,19
Edge187,0.019410871300042078,,0.019410871300042078,0.019410871300042078,19
Edge318,0.018827948067320095,0.006180045776660459,0.00896022784910282,0.03277504749184203,19
Edge270,0.01881016978842416,0.001268374559956354,0.01791329353599452,0.019707046040853802,19
Edge197,0.018405730163817653,,0.018405730163817653,0.018405730163817653,19
Edge224,0.01818834351567076,0.005692613313295932,0.014163058039166385,0.02221362899217513,19
Edge316,0.017980089835773216,0.009250450455205164,0.0070040580246089066,0.03653149136054072,19
Edge11,0.017946049832833752,0.0040353694999959635,0.014115989963999893,0.02361749909930129,19
Edge188,0.017727157732908824,0.010771852000443605,0.007458470367529219,0.034164342435367645,19
Edge24,0.017605107802244585,0.0028431900841381897,0.013805775302805528,0.02058830956753112,19
Edge258,0.017577137700062032,,0.017577137700062032,0.017577137700062032,19
Edge127,0.017457461572801952,0.0030837259721992697,0.014557665825245696,0.02127929717681073,19
Edge131,0.01732401571015082,0.008618128065699383,0.005710252673884829,0.037563542266498835,19
Edge281,0.017275794043590892,0.0034751564852696717,0.013839898997526835,0.02078892443236006,19
Edge237,0.017271685833148427,,0.017271685833148427,0.017271685833148427,19
Edge320,0.0169255670634372,0.006878473896004952,0.009107821925365871,0.024241733507379015,19
Edge45,0.01683949480154987,0.006024824336753673,0.010454843130897963,0.029384693418154653,19
Edge317,0.016818247908601876,0.005184494500343197,0.007699784037670816,0.02643654945753402,19
Edge126,0.016699160719050407,0.00017356473669312512,0.01657643191675984,0.016821889521340973,19
Edge59,0.01605424393691281,0.0033038761883399832,0.012806632042097206,0.019411647474123127,19
Edge86,0.01603438112010579,0.0060846495635041185,0.009158930829857822,0.025884600097955384,19
Edge71,0.015675228055024644,,0.015675228055024644,0.015675228055024644,19
Edge295,0.015589513084261217,0.00433612730330451,0.01039613281065787,0.02062683688305277,19
Edge133,0.015056225666803853,0.006346534145379444,0.0070088360821408,0.02522948473605171,19
Edge163,0.01500163042787024,,0.01500163042787024,0.01500163042787024,19
Edge211,0.014907601901307611,,0.014907601901307611,0.014907601901307611,19
Edge35,0.014669945381487498,,0.014669945381487498,0.014669945381487498,19
Edge103,0.014639659735153123,0.007306380947398702,0.0068337091501654715,0.025886884206474513,19
Edge169,0.014476265199788422,0.006518989692579167,0.00769094155075063,0.02642128207395606,19
Edge325,0.014330822550940888,,0.014330822550940888,0.014330822550940888,19
Edge231,0.014239313537710489,,0.014239313537710489,0.014239313537710489,19
Edge64,0.013615822372742706,0.005113420204013342,0.009563391120210001,0.021382871324735705,19
Edge202,0.013466968363589286,0.0035404107301789957,0.008146412325720975,0.01832233392530617,19
Edge7,0.013208906117778212,,0.013208906117778212,0.013208906117778212,19
Edge109,0.013134734007248728,,0.013134734007248728,0.013134734007248728,19
Edge156,0.012359491744742355,0.005183160974428226,0.006824551497587528,0.022552931575362572,19
Edge60,0.011532841507500044,0.007918440541635574,0.002667771927455334,0.020424966729471875,19
Edge123,0.011241902202829314,,0.011241902202829314,0.011241902202829314,19
Edge209,0.011169015873594913,0.004756568583406516,0.0078056139730892735,0.01453241777410055,19
Edge92,0.010867172387140831,,0.010867172387140831,0.010867172387140831,19
Edge150,0.010661348456550325,0.004597766595565805,0.0074102365185127585,0.013912460394587892,19
Edge48,0.010623183687993469,0.004381826047807538,0.007054139524860922,0.017883318457945285,19
Edge185,0.009812375566130044,0.005098427735054506,0.0038097073161386242,0.019558301248460933,19
Edge32,0.009492123735698995,,0.009492123735698995,0.009492123735698995,19
Edge90,0.006049485068685947,,0.006049485068685947,0.006049485068685947,19
Edge20,0.09662503714620757,,0.09662503714620757,0.09662503714620757,20
Edge218,0.08912656819813475,0.024002312438623108,0.06437873782349621,0.11837190465899934,20
Edge4,0.05963613733721081,0.025547275991023185,0.02277716230417437,0.11067978935339896,20
Edge251,0.054441518233066644,0.03175053167648459,0.010646326513676583,0.14531406726179857,20
Edge116,0.053809293590705125,0.016428901684588375,0.019544065192959377,0.0927600448965937,20
Edge139,0.05346297736029592,0.022813835637618327,0.032293293044049445,0.09661226934868276,20
Edge204,0.053433465211892635,0.026590654644012585,0.016765634746384376,0.16069204207236096,20
Edge294,0.052161792635660696,,0.052161792635660696,0.052161792635660696,20
Edge6,0.051726599905573496,0.022352793095927335,0.024687434559851482,0.11082314653356325,20
Edge134,0.051236525675479365,,0.051236525675479365,0.051236525675479365,20
Edge74,0.05043106197589485,0.030785421197713814,0.011449418371135743,0.15356805100642956,20
Edge268,0.05024863557741423,0.028530410962355018,0.024328147673019364,0.08942183651622602,20
Edge259,0.049595603049506234,0.018345239731749747,0.02172700735102401,0.08859435563405277,20
Edge112,0.04938875619822144,0.016650136180845765,0.02029954604597596,0.07426620528336231,20
Edge323,0.048840211264219675,0.01745551586868342,0.015637307905484996,0.10900090808297526,20
Edge117,0.048328721805532236,0.025216699128038308,0.018478646222888848,0.11704348526553245,20
Edge80,0.0480267441714939,0.022498253822513227,0.018606783500483514,0.10334164216846776,20
Edge249,0.0449803490835578,0.023425416626431873,0.01951921750143164,0.06561965864592578,20
Edge89,0.04485718592055857,,0.04485718592055857,0.04485718592055857,20
Edge300,0.04452662079097458,0.020260931540500404,0.01931975170969843,0.0818545863324571,20
Edge232,0.044373412120156996,0.021303341842859355,0.016306396511644027,0.10350230943209382,20
Edge260,0.04394565276370989,0.02431516441661132,0.019676616548560996,0.1466416070846609,20
Edge14,0.043707199657140115,0.004603626194581577,0.04045194435690346,0.04696245495737677,20
Edge201,0.04269463069599362,0.019909704583624743,0.009190595790284676,0.09411731996140205,20
Edge206,0.0423561829367023,,0.0423561829367023,0.0423561829367023,20
Edge54,0.04221062557528081,0.030189422268536003,0.010152778895315925,0.11572718913933643,20
Edge65,0.04126085841613121,,0.04126085841613121,0.04126085841613121,20
Edge181,0.040933278905036855,,0.040933278905036855,0.040933278905036855,20
Edge41,0.04070659794523124,0.015198161275173512,0.020750796834010838,0.07212759827866319,20
Edge136,0.039491458868496865,0.017246500956068632,0.017532002552423445,0.07795854502405541,20
Edge178,0.03925520127322592,0.011760705871125226,0.020829020400000935,0.061758836360614425,20
Edge247,0.03826958387247575,0.02424003934362064,0.021129287676372885,0.05540988006857861,20
Edge1,0.03744018478312408,0.018138112441806957,0.008058195376590218,0.08650284099274189,20
Edge280,0.037222020383308956,0.01737851358339753,0.018842204568799235,0.07625401799546151,20
Edge153,0.03617001532860327,0.01862446193869702,0.016723398026087213,0.05425401815479471,20
Edge76,0.03538985574742398,0.02000934005639223,0.008972849736401582,0.08172065370831258,20
Edge34,0.035250600644094146,0.007590132092939174,0.026833435329824358,0.043518858435212734,20
Edge135,0.03492135848176641,0.019799881734945513,0.013142926760972277,0.06511855024271054,20
Edge49,0.03430187506618194,0.01414400438687589,0.01925397768740881,0.06844246476215428,20
Edge149,0.034301730419314516,,0.034301730419314516,0.034301730419314516,20
Edge277,0.034150973858956796,,0.034150973858956796,0.034150973858956796,20
Edge145,0.033485896839186326,,0.033485896839186326,0.033485896839186326,20
Edge311,0.03318667810067562,0.011001273093196522,0.021557830082981674,0.04342890404808324,20
Edge68,0.03300001957521665,0.012651963771908848,0.016374041350709873,0.08356353803230479,20
Edge284,0.03276540891474122,0.013295864599643489,0.012207592959747188,0.054601810535986894,20
Edge211,0.03276383766616909,,0.03276383766616909,0.03276383766616909,20
Edge301,0.03209613766688066,0.01562850203834073,0.01212391273613839,0.057475548971369084,20
Edge79,0.03205697420374291,0.01696784100062255,0.021084943687463043,0.06025521370605606,20
Edge238,0.03200186854862594,0.006094789729459765,0.024226725830741182,0.039889991129903456,20
Edge10,0.031205660020920466,0.013112062377030815,0.007892212770231232,0.04265175965558286,20
Edge39,0.03113136683354223,0.01163965476359353,0.01127204525569033,0.06047305100494285,20
Edge197,0.030499576519273874,,0.030499576519273874,0.030499576519273874,20
Edge67,0.030366926624164757,,0.030366926624164757,0.030366926624164757,20
Edge257,0.030275838780290103,0.01833884501621704,0.017308317110193913,0.04324336045038629,20
Edge164,0.030183524217334272,0.00314659888839621,0.027958542805675262,0.032408505628993285,20
Edge165,0.02887750775169348,0.010571693310121486,0.005559288906553388,0.05517583897464861,20
Edge254,0.028302215105545918,0.022097357662774514,0.0045499964854442765,0.05723936778612588,20
Edge203,0.028223763795298933,,0.028223763795298933,0.028223763795298933,20
Edge28,0.027608527128852662,0.009324580073914238,0.0156635040923006,0.036256964771173274,20
Edge130,0.02755644360067704,0.00532870716212328,0.023788478631382344,0.031324408569971735,20
Edge290,0.027366308730105916,0.012848341627805161,0.01476321478592836,0.05430920986838642,20
Edge306,0.027115045743046316,0.014394181884512712,0.016936822122874822,0.037293269363217814,20
Edge40,0.0269850983074163,0.010040694439114674,0.019885255181696256,0.03408494143313635,20
Edge179,0.0269741752592154,0.009863058459482437,0.011672868830416416,0.04068901583109917,20
Edge15,0.026906043014453703,,0.026906043014453703,0.026906043014453703,20
Edge266,0.026656325185006942,0.012728575363267795,0.01070818576856806,0.06021007048130744,20
Edge296,0.02636883585526567,0.008725587348169136,0.016384951271773973,0.04248860828195817,20
Edge21,0.0257270063347678,0.0109125158717003,0.010940375471635785,0.051917624726486866,20
Edge171,0.0256980369495995,0.010966548752273398,0.010722138232981081,0.05460871100404056,20
Edge114,0.025684748441922096,,0.025684748441922096,0.025684748441922096,20
Edge269,0.025355437971342626,0.008648439919454102,0.01638068875594947,0.037177713357693105,20
Edge189,0.025185011165733132,,0.025185011165733132,0.025185011165733132,20
Edge126,0.02476050639195135,0.0010924997451583224,0.023987992413705327,0.025533020370197376,20
Edge152,0.024726347152660255,0.012400519267095565,0.009852984392987676,0.07169296614375667,20
Edge321,0.0245912526832415,0.006547814555770668,0.01996124860890408,0.02922125675757892,20
Edge244,0.024418284015507954,0.006535441471854158,0.014405101044396436,0.03458133833315189,20
Edge12,0.024221694422043315,,0.024221694422043315,0.024221694422043315,20
Edge111,0.024134663828133684,0.015605161256211792,0.014169692429349769,0.0421189019708864,20
Edge168,0.024006815316346176,0.010420266577707728,0.007019903992453226,0.041146769713393365,20
Edge175,0.023709434652442296,0.011841717053820977,0.006513855279349389,0.04060684462474095,20
Edge191,0.02357634899817386,0.01316715660002244,0.0023153782448137286,0.046115763638694664,20
Edge69,0.0235399591413649,0.011135928931779865,0.006405476208938597,0.03482073511527352,20
Edge75,0.022911384471594805,0.009144944891865577,0.010953197844012694,0.04832867591502167,20
Edge216,0.022618353691090515,0.015899832602443462,0.009565060373389252,0.057973711337377366,20
Edge170,0.02251629565145509,0.009258473344409374,0.01277693573259749,0.03697770854899998,20
Edge115,0.022360349743134465,0.008433200232821462,0.011919890239268899,0.036544475644516676,20
Edge52,0.022020226901384592,0.0027055089315908116,0.02010714318929596,0.023933310613473226,20
Edge93,0.021870916656528173,,0.021870916656528173,0.021870916656528173,20
Edge97,0.021625010571439035,0.012270357161771566,0.00898178216161952,0.051270391317768664,20
Edge18,0.021399160354355032,0.004312209979053862,0.016693264618031247,0.026170098293772214,20
Edge24,0.021341866124820513,0.006478454560775339,0.015631218525599257,0.029939062547598577,20
Edge227,0.021175994745968506,0.006846967929754105,0.01633445729227256,0.026017532199664448,20
Edge140,0.02113239006566219,0.004888746588027931,0.014675291704163967,0.028053247132126008,20
Edge101,0.0209597167619136,0.010466888996936664,0.00655363127665047,0.047151648609145995,20
Edge11,0.020933976229479723,0.00474573406965818,0.01414593220873618,0.024593975756597285,20
Edge71,0.020855798895283148,,0.020855798895283148,0.020855798895283148,20
Edge224,0.020732921377243547,0.006221068602134006,0.016333961582447876,0.025131881172039218,20
Edge70,0.02061509568548591,0.008965327931464259,0.004479332089964274,0.04309786476563353,20
Edge194,0.020405694904373897,0.0036949757100454145,0.017792952523481204,0.023018437285266587,20
Edge118,0.020138693256596684,,0.020138693256596684,0.020138693256596684,20
Edge233,0.02007845750913723,0.007322978622788202,0.014405896468131132,0.028345442803134953,20
Edge265,0.01994895708340209,,0.01994895708340209,0.01994895708340209,20
Edge132,0.019661258152548867,0.0069043447531564155,0.010375257946756948,0.029372214896536252,20
Edge315,0.01946385821315498,0.0005837649533818537,0.019051074055999623,0.019876642370310338,20
Edge119,0.019327051420588773,,0.019327051420588773,0.019327051420588773,20
Edge188,0.01927967567667897,0.008385350469016785,0.012260568128605046,0.03319630042042966,20
Edge147,0.019101950188343368,0.006867910044076084,0.01068677588933562,0.03162421202305245,20
Edge35,0.019006341843218446,,0.019006341843218446,0.019006341843218446,20
Edge22,0.018880077327928454,,0.018880077327928454,0.018880077327928454,20
Edge270,0.018864436747407714,0.00276891371537125,0.016906519082748265,0.020822354412067163,20
Edge58,0.01885938224826086,0.0058877508380063516,0.00973236853392725,0.028507289488857984,20
Edge237,0.018818468150997077,,0.018818468150997077,0.018818468150997077,20
Edge45,0.01839133906904278,0.007788012381668139,0.006519917287467774,0.037032043591273246,20
Edge263,0.01821276553033799,0.010376540926630961,0.007782314922071784,0.032568272591626424,20
Edge86,0.017926721480439684,0.005353821844905894,0.011115384532045271,0.024549632012854403,20
Edge320,0.01782302650577072,0.006336425152547668,0.012316251296655189,0.028054047447787965,20
Edge5,0.01759748814341214,,0.01759748814341214,0.01759748814341214,20
Edge317,0.017526767493198432,0.0059203153983449774,0.006722773399729368,0.027321218674523796,20
Edge318,0.017264166512846284,0.006502468953155746,0.00793551473575449,0.03561416228646181,20
Edge127,0.017219896794309117,0.007648633546545541,0.011062849833839102,0.030269240173686224,20
Edge150,0.017010002220999736,0.006273177092009839,0.01257419615965547,0.021445808282344,20
Edge316,0.016978297111575863,0.007574570099705018,0.0036922456286399125,0.029706491902733796,20
Edge230,0.016844185448965456,0.006870844872368005,0.00832041169007868,0.031365347408502664,20
Edge156,0.016521009215505172,0.009633695922107144,0.01008042814178243,0.03638292351790009,20
Edge98,0.01611286852378115,,0.01611286852378115,0.01611286852378115,20
Edge131,0.016059461062615767,0.007699504432847886,0.005828236556488908,0.02799237818521993,20
Edge163,0.01602491495183539,,0.01602491495183539,0.01602491495183539,20
Edge133,0.01505711005507575,0.004865281846340639,0.006524639462636639,0.02239307646042142,20
Edge325,0.014881215112777303,,0.014881215112777303,0.014881215112777303,20
Edge60,0.014861979282677545,0.009737307646308254,0.006334990592483083,0.030949492962330055,20
Edge305,0.014805070697361266,0.00472713940324753,0.006640834619423968,0.022539667143732327,20
Edge48,0.01470584792690748,0.0061738189363741555,0.008741405402427972,0.02489400180117411,20
Edge7,0.014352871318409094,,0.014352871318409094,0.014352871318409094,20
Edge92,0.014109852192946687,,0.014109852192946687,0.014109852192946687,20
Edge109,0.014073038506024243,,0.014073038506024243,0.014073038506024243,20
Edge202,0.013933755915717131,0.005498269612500275,0.005753087763541768,0.02325006175107809,20
Edge295,0.013417074053907,0.004180511062974169,0.00908975195905961,0.019905986480216013,20
Edge231,0.01276616009884757,,0.01276616009884757,0.01276616009884757,20
Edge209,0.012751818719569971,0.003483147025238654,0.01028886183815397,0.015214775600985974,20
Edge64,0.012400764243729157,0.0025118991634372483,0.0083848585544245,0.015039310960521282,20
Edge281,0.01219261931764655,0.0012629368688241516,0.010774213051656,0.013195254356003888,20
Edge103,0.01188952678738238,0.007110240112019209,0.0042835040071896825,0.02419763064817123,20
Edge185,0.011455923441900016,0.005039085374682766,0.00439032648500013,0.02236531225165878,20
Edge59,0.011110375804277902,0.00602662196708806,0.005294235237560666,0.01732745712045704,20
Edge169,0.01087006801593361,0.00612209258950441,0.003920781600435453,0.019377598796956115,20
Edge90,0.010774351921348851,,0.010774351921348851,0.010774351921348851,20
Edge258,0.009032344491915667,,0.009032344491915667,0.009032344491915667,20
Edge123,0.009027890575804427,,0.009027890575804427,0.009027890575804427,20
Edge32,0.00889145444638115,,0.00889145444638115,0.00889145444638115,20
Edge187,0.008465715714634149,,0.008465715714634149,0.008465715714634149,20
Edge20,0.10635832774258726,,0.10635832774258726,0.10635832774258726,21
Edge218,0.09221622687592643,0.015786693202559033,0.07220030217151002,0.10883484963285771,21
Edge134,0.059738618282369225,,0.059738618282369225,0.059738618282369225,21
Edge294,0.05922324805560737,,0.05922324805560737,0.05922324805560737,21
Edge4,0.05914115499775501,0.025634823670076662,0.022389198059720526,0.1142624186777901,21
Edge6,0.05670667065053715,0.021264115939841493,0.032958055417367654,0.1054995001975368,21
Edge139,0.056422769977141594,0.025794634505316553,0.029979410257612242,0.10389545409497476,21
Edge204,0.05433666380844064,0.026974636000624556,0.01879168837188105,0.17255326322100242,21
Edge251,0.053755082289265836,0.03210449062132798,0.008815513401549124,0.14162093677253562,21
Edge116,0.05320520953915828,0.01662121235133502,0.025476585926804192,0.10820024600533401,21
Edge74,0.052514571380547326,0.032024786782007805,0.007214921117207595,0.1704150063685749,21
Edge268,0.05144953576413807,0.02758774058469758,0.02577023380682797,0.08996474021534244,21
Edge259,0.05136557489404618,0.01773297968056403,0.02516501610812161,0.08905745633709976,21
Edge117,0.0493856757951155,0.026977150433952924,0.01576806405599822,0.12774290581047343,21
Edge80,0.04863302045309612,0.02240227143046553,0.018404984124089238,0.10340544876227746,21
Edge323,0.04847429733799038,0.018593308883207336,0.013964571534551025,0.11804424069830467,21
Edge112,0.04811179614042833,0.01954387903284515,0.016950335951839177,0.08200005977499569,21
Edge89,0.045654150817798604,,0.045654150817798604,0.045654150817798604,21
Edge232,0.04500201977005035,0.024651145649022883,0.010518583031676253,0.1187468489427956,21
Edge260,0.04451239966919737,0.026792607932782223,0.00980591956627178,0.16184072485551745,21
Edge300,0.04436641146097929,0.018169403631981884,0.015048593491530215,0.07481785478027653,21
Edge54,0.04416505121506247,0.030095228894500878,0.011547922522554507,0.12632062483318893,21
Edge249,0.043887737815294016,0.009118218702816351,0.03364395164472008,0.051116891202740745,21
Edge67,0.04333429232725194,,0.04333429232725194,0.04333429232725194,21
Edge206,0.04200098315745373,,0.04200098315745373,0.04200098315745373,21
Edge201,0.04094140478469795,0.02008925362241064,0.007577799055765604,0.09427174759030256,21
Edge149,0.0404052782743202,,0.0404052782743202,0.0404052782743202,21
Edge277,0.04016998170939484,,0.04016998170939484,0.04016998170939484,21
Edge178,0.03767287909736672,0.01280841750123883,0.01377017433389358,0.059342518939318696,21
Edge247,0.037431657366690754,0.035428090331749366,0.012380214448621217,0.0624831002847603,21
Edge280,0.03742581543369634,0.011290325404920731,0.029552066928412543,0.06519490830101604,21
Edge136,0.03673210197413205,0.015628429425913686,0.017824262451189562,0.07710392731940247,21
Edge1,0.036712336803495664,0.01839941870244296,0.0038628273992258673,0.08300161667301113,21
Edge118,0.035832501349970916,,0.035832501349970916,0.035832501349970916,21
Edge311,0.03569383554934591,0.007390627229349251,0.02727429827087359,0.04110980270272052,21
Edge14,0.03553355780702873,0.0038553232952600745,0.032807432561283864,0.038259683052773594,21
Edge49,0.03539764189872138,0.012319725113603292,0.02054177304219199,0.060337280832059074,21
Edge135,0.034997143574150506,0.02020783355013457,0.013675265460808645,0.06720000049372811,21
Edge76,0.03498846088746392,0.022131101332622857,0.006855146837803528,0.09247835160459876,21
Edge40,0.0343914698811768,0.007611062285582512,0.029009636127008222,0.039773303635345376,21
Edge153,0.03397090226041382,0.021498890669659963,0.017477406849587016,0.06557452088642642,21
Edge34,0.03376361855605233,0.005558978331359831,0.028288324129554066,0.03986698677069787,21
Edge65,0.03304768728693596,,0.03304768728693596,0.03304768728693596,21
Edge238,0.03259096163184423,0.009043000011007569,0.020201453139901283,0.03968257988040155,21
Edge68,0.03250054951835737,0.01484463623906897,0.012840483950244836,0.08155279172933774,21
Edge41,0.03245630533458454,0.017725576957467987,0.01709708219719347,0.07320450142161129,21
Edge284,0.03236867370517303,0.015178094083671795,0.011108240913042475,0.06503072678837414,21
Edge301,0.0317960234022072,0.015264543210829179,0.01398851050620147,0.06962438215035364,21
Edge181,0.03176813711866157,,0.03176813711866157,0.03176813711866157,21
Edge79,0.03171289894265437,0.01928223327583168,0.012239947012041097,0.057719987449240236,21
Edge197,0.031130835747794197,,0.031130835747794197,0.031130835747794197,21
Edge39,0.030587716106041295,0.011100992485801129,0.010984515710920012,0.06937587049961323,21
Edge164,0.03042996614300634,0.0008623702044850743,0.029820178323521716,0.031039753962490965,21
Edge12,0.030115095842485753,,0.030115095842485753,0.030115095842485753,21
Edge10,0.02996107548920342,0.012401358364283323,0.01014447989916321,0.04404449909715268,21
Edge203,0.029555538461574517,,0.029555538461574517,0.029555538461574517,21
Edge254,0.029546568327243932,0.0187060468438086,0.010500525588092556,0.05480853078511087,21
Edge165,0.028766913194449305,0.012181140783282737,0.010616721313154569,0.0562079690341468,21
Edge290,0.028616096045534157,0.014354432175108161,0.01281115871195227,0.05470471685445876,21
Edge266,0.027639552385819367,0.013116936203566337,0.007623913646479216,0.0597921418446044,21
Edge269,0.02760570946710421,0.010505771213128061,0.014386873247315189,0.037435743876722966,21
Edge28,0.026549593655494204,0.011223924464423106,0.01708732899952357,0.04265294802986091,21
Edge191,0.025912938776214884,0.013819275961611734,0.007623417784205798,0.05064258013898286,21
Edge130,0.025676527012844313,0.003768913785119718,0.023011502517678705,0.028341551508009925,21
Edge321,0.025676114911977264,0.0016537910420689715,0.02450670805146473,0.026845521772489802,21
Edge21,0.025530022023443174,0.009391980657854359,0.009230602591898954,0.047545388880715383,21
Edge296,0.02531094600554822,0.011377187170109018,0.015407527774532843,0.05480191840518425,21
Edge306,0.025305609215159865,0.006465710198986984,0.020733661688269147,0.029877556742050584,21
Edge93,0.025186486893921303,,0.025186486893921303,0.025186486893921303,21
Edge145,0.0248976782029039,,0.0248976782029039,0.0248976782029039,21
Edge227,0.024829652609252652,0.0002465383144744462,0.02465532369526547,0.025003981523239835,21
Edge18,0.024792454847929486,0.008296823530952508,0.01958693642863186,0.037168538145668624,21
Edge179,0.024568467831458583,0.00850589569234486,0.013603524908667921,0.039099457349170676,21
Edge140,0.024203375293217682,0.005576367721016996,0.015544663957174434,0.030570513861335996,21
Edge52,0.023857003745261982,0.004835547476371555,0.02043775533397016,0.027276252156553805,21
Edge111,0.023796597089123097,0.011227788374278793,0.013701253143607666,0.03588885952151001,21
Edge171,0.02357839618756725,0.010031968196088712,0.004571376192909345,0.057595162361748733,21
Edge75,0.023471139801094026,0.010404725198928077,0.008651987280428788,0.048808072109844315,21
Edge211,0.02346833386983661,,0.02346833386983661,0.02346833386983661,21
Edge11,0.02338171672133875,0.006236713792320432,0.01564404343939409,0.028975113045687007,21
Edge15,0.023306066700928434,,0.023306066700928434,0.023306066700928434,21
Edge244,0.02322021950955329,0.006456198459769461,0.012758078346552359,0.03378207226465966,21
Edge168,0.023212671745637972,0.01046201310583821,0.008081607000149465,0.043025706816368886,21
Edge233,0.023167944444777114,0.008897566885467603,0.01570146034667473,0.033013093552264144,21
Edge98,0.023149521877178676,,0.023149521877178676,0.023149521877178676,21
Edge115,0.02312952569841536,0.006564510304927838,0.011321604867566995,0.0329039243482231,21
Edge216,0.023084356627965697,0.016651691014298538,0.005975948272588494,0.05403052413159279,21
Edge71,0.022981369420051665,,0.022981369420051665,0.022981369420051665,21
Edge257,0.022961284096913954,0.013998837223446619,0.013062611367488191,0.03285995682633972,21
Edge152,0.022928160636358334,0.012187039281689323,0.009467147544333704,0.06998810096754109,21
Edge265,0.022894299582234635,,0.022894299582234635,0.022894299582234635,21
Edge175,0.022450573630016953,0.013599817988370068,0.0063441560275626025,0.05266788947340571,21
Edge114,0.021961405602353178,,0.021961405602353178,0.021961405602353178,21
Edge170,0.021810215770698405,0.01222833845268318,0.007682166108140548,0.042873893293550014,21
Edge97,0.020983442495339972,0.011902936761976447,0.007518092439893146,0.04722532382340258,21
Edge101,0.020976384432529745,0.009918877806284181,0.009286457964218117,0.04542204126469817,21
Edge230,0.020849816834207863,0.005536853753476666,0.015046077502547132,0.032282828139763124,21
Edge119,0.02072034575354041,,0.02072034575354041,0.02072034575354041,21
Edge163,0.020541922793078208,,0.020541922793078208,0.020541922793078208,21
Edge70,0.02041021809271528,0.009103591018490136,0.003409500194453019,0.051922791076266045,21
Edge315,0.020248738031371092,0.007446611465001261,0.01498318856760721,0.025514287495134975,21
Edge318,0.02007854874745904,0.005726348798992218,0.0094649620276711,0.031063247396884364,21
Edge263,0.019963864293023752,0.006837486252563468,0.012523868268297557,0.028667133911108367,21
Edge58,0.019712488516563702,0.006668122175386916,0.012771218736131443,0.034469215393757156,21
Edge270,0.019625628023012598,0.004378675184411955,0.016529437107501647,0.022721818938523545,21
Edge189,0.019291467483263436,,0.019291467483263436,0.019291467483263436,21
Edge45,0.019154787341691248,0.007919376948605318,0.007660554484049209,0.04009373680454928,21
Edge305,0.018937323529447443,0.00466167016699274,0.009813120610757396,0.024889249506002162,21
Edge69,0.018734861980996897,0.008310454805051118,0.009937321803002629,0.03290925016288543,21
Edge5,0.018626056846469816,,0.018626056846469816,0.018626056846469816,21
Edge194,0.018432335576380868,0.007522749226817776,0.013112948584932161,0.023751722567829574,21
Edge24,0.0183684901018658,0.006284390873213988,0.010391407457963263,0.025714027090889616,21
Edge147,0.01818606182536496,0.006087361063106515,0.008977687015534525,0.026865202744361678,21
Edge86,0.018160988840473586,0.007069420008770434,0.012288609436949842,0.027259553611470044,21
Edge133,0.01802061091677934,0.005639348442412784,0.010033404139633856,0.028044778808473888,21
Edge127,0.017821291129916657,0.004860800031941776,0.010774012965846142,0.023972065411721477,21
Edge132,0.017706532239070896,0.004945737951843325,0.0118969337863236,0.024270774052885476,21
Edge325,0.017663428452132198,,0.017663428452132198,0.017663428452132198,21
Edge320,0.017653422811023504,0.008587206240190878,0.009943760868588659,0.03355653653197861,21
Edge126,0.017522621383224378,0.003817487665197343,0.014823249968067337,0.02022199279838142,21
Edge295,0.017455178769015235,0.004190090572650948,0.011381535835004522,0.02285245128282565,21
Edge316,0.01680443011582699,0.008338824484020868,0.005608202754036089,0.037409477613086474,21
Edge231,0.016652691474959676,,0.016652691474959676,0.016652691474959676,21
Edge131,0.01658495560724552,0.00715490103239312,0.004191192456107617,0.027380708861887995,21
Edge224,0.016190999686259252,8.626924309419165e-05,0.016129998119459518,0.016252001253058986,21
Edge60,0.01613668187079314,0.004399647825506677,0.012190660643193437,0.02307261317759259,21
Edge7,0.015936910773817238,,0.015936910773817238,0.015936910773817238,21
Edge258,0.015892897336266393,,0.015892897336266393,0.015892897336266393,21
Edge188,0.0158025210392375,0.007376587823388607,0.009360037899763586,0.024148200819475538,21
Edge317,0.015750064138665594,0.005417361749430763,0.005418530167358399,0.025352029083911886,21
Edge59,0.015138182492264509,0.007945049126020062,0.006381056640083294,0.021884944253264618,21
Edge150,0.015125497277276592,0.0054022927940947,0.011305499408617008,0.018945495145936176,21
Edge281,0.014581997964869883,0.0020608493506073526,0.013084682752994388,0.016932415669297235,21
Edge103,0.014367029329825592,0.00903375793931972,0.00528953939413303,0.027119822411224695,21
Edge156,0.014310557291816935,0.008747093859856567,0.0038650367070470746,0.03002120402530326,21
Edge237,0.014104826507722283,,0.014104826507722283,0.014104826507722283,21
Edge48,0.014027536417848587,0.007201754585176446,0.008372440126426038,0.02582460767610698,21
Edge64,0.012440338040190556,0.0022913499082195974,0.00984774697011094,0.015343549785038947,21
Edge202,0.012352030132983909,0.0064970684723676805,0.001923263132413459,0.026049011347319323,21
Edge187,0.012338497641369354,,0.012338497641369354,0.012338497641369354,21
Edge209,0.011973070052012326,0.0014069618751149115,0.010978197769247631,0.01296794233477702,21
Edge92,0.011659527312930166,,0.011659527312930166,0.011659527312930166,21
Edge35,0.01155800656802908,,0.01155800656802908,0.01155800656802908,21
Edge90,0.010047254546963692,,0.010047254546963692,0.010047254546963692,21
Edge169,0.009578637453898118,0.004607857786350825,0.0043763662371543175,0.018652597062067924,21
Edge185,0.009548237019871928,0.0038462312890420636,0.00415516992822791,0.01606537917543036,21
Edge32,0.006856698749662981,,0.006856698749662981,0.006856698749662981,21
Edge123,0.006757644301403889,,0.006757644301403889,0.006757644301403889,21
Edge109,0.00623115349693372,,0.00623115349693372,0.00623115349693372,21
Edge22,0.006043454743870753,,0.006043454743870753,0.006043454743870753,21
Edge218,0.09211239179779451,0.02344233273788765,0.061082360676524144,0.11330496145767008,22
Edge20,0.08665747865434735,,0.08665747865434735,0.08665747865434735,22
Edge4,0.06229206844079209,0.028461357827370543,0.021861967529917828,0.11951357710001499,22
Edge294,0.060766145632264665,,0.060766145632264665,0.060766145632264665,22
Edge6,0.05979395569767484,0.026489446393892592,0.020760362235556846,0.13419179143642762,22
Edge251,0.057449926445573944,0.03307193454638148,0.009562653823027789,0.1475439071988387,22
Edge204,0.0552110640262033,0.02828620701065851,0.023298627947490484,0.1842197042615355,22
Edge116,0.054017794379112076,0.01609074614535554,0.0224223987577158,0.09251150347639177,22
Edge139,0.053112522341310975,0.022098877453372495,0.03286087097228221,0.08793492375054247,22
Edge74,0.05302935580558339,0.0332012721676436,0.013469578749254819,0.17050341380541276,22
Edge112,0.05143395352727338,0.018324463164556888,0.01990998203154234,0.08041915679768975,22
Edge117,0.050657315133082505,0.026537702065665268,0.01808260342560684,0.12342728661528327,22
Edge259,0.050207389683320065,0.01799881357343043,0.02093694902589683,0.09821978833036965,22
Edge268,0.04957342974410045,0.030673029129100755,0.0218090494724245,0.09198696959563507,22
Edge80,0.0479775374503857,0.022333816464923086,0.015878531580497453,0.10252605400035222,22
Edge323,0.04737608394276549,0.017839718516982354,0.012983428720707605,0.11560561309095073,22
Edge300,0.046790239271009414,0.018747333061249403,0.012559809669064345,0.0783752625710128,22
Edge260,0.046776658313752086,0.026557567281980714,0.010510219311964778,0.15350622155829255,22
Edge149,0.04480268073048458,,0.04480268073048458,0.04480268073048458,22
Edge89,0.04310637817573858,,0.04310637817573858,0.04310637817573858,22
Edge54,0.04231806641478693,0.0298510437832284,0.009269081741817543,0.12649531492793717,22
Edge232,0.042197892737267054,0.024013121713081065,0.012475202810887143,0.10647590058996237,22
Edge201,0.041782291911357475,0.019824619680821175,0.0065038808504953435,0.09308535470022337,22
Edge178,0.040793940630789255,0.011682997763081505,0.02083955840909153,0.05933274900536609,22
Edge136,0.040472789626626836,0.018609816836103854,0.01328104151434759,0.08008508807619755,22
Edge14,0.03982302849470534,0.010262711202579766,0.032566195810002044,0.04707986117940865,22
Edge247,0.03943784270589706,0.02669319297184246,0.02056290494398616,0.058312780467807954,22
Edge249,0.03934477824872294,0.020770756985354088,0.016463544225867023,0.05701124403265664,22
Edge280,0.038852557194390784,0.015670690954410052,0.025028031658213577,0.07520525913597648,22
Edge206,0.03849368257496571,,0.03849368257496571,0.03849368257496571,22
Edge134,0.03638104209319384,,0.03638104209319384,0.03638104209319384,22
Edge1,0.03594341437624405,0.018354125154179918,0.004960309725315002,0.07670929306486704,22
Edge153,0.035634526405872134,0.015625894248805342,0.01969968640335065,0.05610717772506425,22
Edge277,0.03536238196639878,,0.03536238196639878,0.03536238196639878,22
Edge34,0.035199098879431984,0.0037945695547558843,0.031197253035294737,0.038822020271984566,22
Edge135,0.034463912389988756,0.020498610517268916,0.010707197143254188,0.06419951596141088,22
Edge41,0.034426420114007976,0.01639579656346978,0.018447793452687898,0.07046025078146656,22
Edge76,0.03435995991718142,0.02155810544236013,0.004643960084028247,0.08571867548574433,22
Edge49,0.03382427972279294,0.01254342112732651,0.018259608968152773,0.0648586613076842,22
Edge301,0.0333408520562903,0.017069428457917746,0.012714439436499737,0.06630878697047524,22
Edge68,0.03329040789028431,0.013495147687562544,0.015393562206921814,0.09136199210425773,22
Edge164,0.032856265455603335,0.007056631015487603,0.027866473812220738,0.03784605709898593,22
Edge257,0.03199415793107575,0.023310388205217678,0.01551122435907542,0.04847709150307609,22
Edge311,0.031913158319212626,0.005698707759374102,0.025491903474810007,0.036369130992409626,22
Edge40,0.03158562088778151,0.011843599084479656,0.023210931661491158,0.039960310114071855,22
Edge284,0.031532800386184244,0.015354667637091679,0.00569483541596074,0.055184506224019096,22
Edge227,0.03114514939466942,0.015722938044999583,0.020027353282874256,0.04226294550646458,22
Edge39,0.03109127060777039,0.01139548628218751,0.01601696971118666,0.07100173027257911,22
Edge165,0.03095223110393069,0.013189234777088223,0.010866606856644348,0.061931502460755884,22
Edge238,0.03075001544266696,0.010441359380504037,0.017553260802535702,0.045569705310069236,22
Edge203,0.029568694884712105,,0.029568694884712105,0.029568694884712105,22
Edge10,0.02949256856287122,0.012578999345086241,0.006164358251918505,0.04383488603387824,22
Edge211,0.029120200727569618,,0.029120200727569618,0.029120200727569618,22
Edge28,0.02810877282852208,0.0091419212659364,0.017165447809410646,0.03954473189722224,22
Edge79,0.0278287126920581,0.01739331231166158,0.012610169496007824,0.056534155272068065,22
Edge114,0.027370774646031697,,0.027370774646031697,0.027370774646031697,22
Edge266,0.02713939903008323,0.013129772068315535,0.007831683568125143,0.068584052284665,22
Edge181,0.027131627194430054,,0.027131627194430054,0.027131627194430054,22
Edge71,0.027045332781067678,,0.027045332781067678,0.027045332781067678,22
Edge98,0.027024401031010347,,0.027024401031010347,0.027024401031010347,22
Edge52,0.026390074452391842,0.003189926848610641,0.024134455546250225,0.02864569335853346,22
Edge306,0.02634858572557037,0.008064061227847082,0.020646433347456177,0.032050738103684556,22
Edge254,0.026117300286344812,0.020576214430579214,0.005334353584121165,0.05760162730111979,22
Edge265,0.026116438201194504,,0.026116438201194504,0.026116438201194504,22
Edge290,0.025489190193338986,0.012251418199197547,0.012254576801775583,0.0522036574970032,22
Edge18,0.02543913166929709,0.003225115415226074,0.021730195499917355,0.02926052889080233,22
Edge315,0.02523316991115214,0.0015207594039662374,0.0241578306240544,0.026308509198249876,22
Edge321,0.02511087191738578,0.0027513768622068734,0.023165354680519536,0.027056389154252024,22
Edge130,0.02508911411001221,0.0071179909512570074,0.020055934439953894,0.030122293780070523,22
Edge197,0.024898806882930877,,0.024898806882930877,0.024898806882930877,22
Edge296,0.024705124446496127,0.009302069791322374,0.012584582164323125,0.04339154898407167,22
Edge115,0.024621185554452505,0.007166381788266704,0.017122321051147756,0.03540528413501785,22
Edge179,0.024603271722393072,0.009290815462171456,0.010657799981115964,0.03837722869714325,22
Edge191,0.024483809987674767,0.012191041036575319,0.009064756405429402,0.04032537360662598,22
Edge189,0.024467115901732988,,0.024467115901732988,0.024467115901732988,22
Edge269,0.024431439772946307,0.00839608077229204,0.013371464367776573,0.033397804199890954,22
Edge168,0.024062788779310326,0.009605434333612854,0.010406200614038692,0.04001099464629268,22
Edge244,0.02391931889265703,0.009748433370343867,0.004430456343777019,0.035434459772965304,22
Edge75,0.023875054278596083,0.013386851898857334,0.0056344308145924995,0.06603240076612092,22
Edge21,0.023764290242035267,0.010345076152500257,0.01108337138929591,0.05136727155934201,22
Edge24,0.02326190921343113,0.0035120119469857296,0.019993965787055513,0.027906904932971294,22
Edge140,0.023052355281396954,0.0038430446988485314,0.018704461694771614,0.03035079576126924,22
Edge171,0.023038815973721555,0.009558377364950816,0.007524166196745368,0.04643034568348602,22
Edge5,0.022992307379346186,,0.022992307379346186,0.022992307379346186,22
Edge152,0.022962940994686428,0.012922983301775198,0.00467750111963698,0.07240638224935714,22
Edge111,0.022851031285696377,0.009955999809988089,0.01607108567214086,0.03428128924440779,22
Edge93,0.022656262917048812,,0.022656262917048812,0.022656262917048812,22
Edge69,0.02237891133156818,0.01174606849888158,0.004061606762756188,0.04261980481199427,22
Edge237,0.022351142211421083,,0.022351142211421083,0.022351142211421083,22
Edge65,0.02221761952418727,,0.02221761952418727,0.02221761952418727,22
Edge194,0.02203402736473915,0.0074453863142119854,0.01676934421340634,0.02729871051607196,22
Edge12,0.022000346115005915,,0.022000346115005915,0.022000346115005915,22
Edge97,0.021640558773448865,0.012128755061934081,0.008097442181650023,0.05326077558505128,22
Edge175,0.02142801207755473,0.010190965533995682,0.01158762902316092,0.04533020275055827,22
Edge170,0.021328310143744804,0.011854165324039878,0.010728536769581102,0.04362068148422872,22
Edge11,0.021290715539209915,0.00635033333295575,0.012205821397452335,0.02701463095036542,22
Edge58,0.020870115084739835,0.00799627267996438,0.011381628409459953,0.03620879919865134,22
Edge145,0.020604111916617054,,0.020604111916617054,0.020604111916617054,22
Edge233,0.02059856363037196,0.008108418697145799,0.015841298011898614,0.02996094698245394,22
Edge15,0.020569469345429203,,0.020569469345429203,0.020569469345429203,22
Edge230,0.020536227803601186,0.004350996533321561,0.01192062586288051,0.026939245603919127,22
Edge263,0.020478192446675335,0.010809155761351592,0.009757414746779783,0.02984589539914777,22
Edge101,0.020458221277215007,0.011004801383215147,0.007540003232602054,0.04805244258276916,22
Edge126,0.02016150445568737,0.007509613208228919,0.014851406032060636,0.025471602879314104,22
Edge45,0.019554419440687705,0.006747129193559903,0.010678464817891994,0.03388891997041681,22
Edge216,0.019306808292504748,0.01638047737828778,0.005793247061572855,0.05339369001929184,22
Edge70,0.019219869489783638,0.008281501138461546,0.005989689858616934,0.03796265333398977,22
Edge132,0.019196976839291207,0.005815632022089484,0.012631667997056712,0.029612770156302058,22
Edge147,0.019036063843855817,0.007401742886221753,0.007435653374343819,0.035657845607102195,22
Edge67,0.018716029302999475,,0.018716029302999475,0.018716029302999475,22
Edge305,0.018715504159741738,0.007690963844531908,0.0037657193820788302,0.026601701440271394,22
Edge320,0.018711339081569887,0.006771100027802836,0.010721794376523005,0.02779928373483335,22
Edge318,0.017327865233698673,0.007462672547743203,0.008875862314102326,0.036977423435731085,22
Edge86,0.016971194587536244,0.004968729358471991,0.01006886427669968,0.021892478595325816,22
Edge118,0.016940750523492698,,0.016940750523492698,0.016940750523492698,22
Edge133,0.016641382902234193,0.004074050618988213,0.007683051569019692,0.02083076938861973,22
Edge59,0.016570411198763096,0.0024601568666310705,0.013729670652436299,0.01799486433528487,22
Edge209,0.0164663914275328,0.005628530388560865,0.01248641942166686,0.020446363433398743,22
Edge60,0.016367810925223852,0.007369895398890473,0.009912697949034937,0.02791751549268734,22
Edge231,0.016224577173224525,,0.016224577173224525,0.016224577173224525,22
Edge163,0.016104323926550094,,0.016104323926550094,0.016104323926550094,22
Edge150,0.015997220777846793,0.006921612389700355,0.011102901720344848,0.02089153983534874,22
Edge131,0.01594049463614365,0.006177457909819443,0.0077914347521440145,0.029001397520933732,22
Edge295,0.015731273575318623,0.006022669188212678,0.007713145877113201,0.023236342755561513,22
Edge156,0.01562569779867476,0.00624553577475591,0.0113399616033489,0.029309573383032847,22
Edge317,0.015507674439942517,0.005985673735998366,0.007849508800936086,0.028727584011750552,22
Edge316,0.01537459986202928,0.007254964021071855,0.004141999891908528,0.031522421018426436,22
Edge92,0.014819676723823097,,0.014819676723823097,0.014819676723823097,22
Edge187,0.014594257440506997,,0.014594257440506997,0.014594257440506997,22
Edge224,0.014549215130652052,0.00037536286958534597,0.014283793500162614,0.014814636761141493,22
Edge123,0.013984974942412045,,0.013984974942412045,0.013984974942412045,22
Edge48,0.013864429622606231,0.004668387704012614,0.00959311026433189,0.021831142651129863,22
Edge188,0.013687258283165282,0.007899586397995557,0.008330867577312127,0.027284125859613935,22
Edge22,0.013678892303839042,,0.013678892303839042,0.013678892303839042,22
Edge64,0.012697073942989204,0.004957310964728723,0.00594159498886974,0.019837595656092014,22
Edge127,0.0125886990719347,0.003479924562486312,0.006803374664548908,0.015591636748716256,22
Edge35,0.012583692332031021,,0.012583692332031021,0.012583692332031021,22
Edge270,0.012427406287662708,0.0028204018923261866,0.01043308098392749,0.014421731591397926,22
Edge202,0.01238107363324705,0.005892416887215075,0.005356303711738301,0.024124234646389537,22
Edge281,0.01198501617322871,0.0037708388910613214,0.008444411434971445,0.01595015669309038,22
Edge185,0.011861706583826284,0.00405032234425854,0.005571664617960914,0.018972669133455605,22
Edge325,0.011555402746329917,,0.011555402746329917,0.011555402746329917,22
Edge7,0.011521660514148064,,0.011521660514148064,0.011521660514148064,22
Edge169,0.010904338949967965,0.005959060625916571,0.0038575748396720263,0.021868575812320806,22
Edge90,0.009850266994177974,,0.009850266994177974,0.009850266994177974,22
Edge119,0.00964198327568549,,0.00964198327568549,0.00964198327568549,22
Edge103,0.009598273062043939,0.0062417183842377886,0.004097143851177256,0.02105576909761987,22
Edge109,0.008135211978579216,,0.008135211978579216,0.008135211978579216,22
Edge258,0.006508849150164653,,0.006508849150164653,0.006508849150164653,22
Edge32,0.0037215193455043287,,0.0037215193455043287,0.0037215193455043287,22
Edge20,0.11087186387514109,,0.11087186387514109,0.11087186387514109,23
Edge218,0.09353087624587053,0.02591773135200975,0.05939234287314182,0.1223942249204112,23
Edge4,0.06257109341162699,0.025848709926146185,0.028110223343573507,0.11217254644223983,23
Edge6,0.05893804172722881,0.022734601484632154,0.03196049025376759,0.11667154178724813,23
Edge251,0.0561872160683256,0.03442933693681649,0.011691501853880699,0.15120119056263148,23
Edge204,0.05484226789984826,0.029339739572786717,0.017110308662108283,0.18214416939982944,23
Edge139,0.053977507725994175,0.020476905693770538,0.03005558055903618,0.08509700293329236,23
Edge116,0.05302719076820103,0.017937325438368148,0.023946992154714433,0.10405366127636516,23
Edge149,0.05188568217628524,,0.05188568217628524,0.05188568217628524,23
Edge112,0.05129997545731677,0.01970303021155951,0.01403616422956062,0.07792243563979981,23
Edge74,0.05100086887027985,0.03375793496930221,0.007461102968120368,0.1824658339177228,23
Edge259,0.05068785442890176,0.019060280271333815,0.017598860648955134,0.10232377626586965,23
Edge294,0.04934530550845407,,0.04934530550845407,0.04934530550845407,23
Edge117,0.04901523858193902,0.02456062547495702,0.017684593355231246,0.11472732169717555,23
Edge134,0.04860968746954326,,0.04860968746954326,0.04860968746954326,23
Edge80,0.04819725593727061,0.023475806795733512,0.01648449002916027,0.10265234130970571,23
Edge268,0.04746419867278798,0.02639355408304244,0.021518236507261097,0.08126205436228578,23
Edge323,0.046647773670816156,0.017685980438855147,0.009117806116017124,0.10929928706413115,23
Edge260,0.046234992990958734,0.026950610716129666,0.013317207251609927,0.16007146159716942,23
Edge300,0.04576718231855701,0.02103148100797732,0.01822112074739457,0.0863832905410491,23
Edge277,0.04484184927670772,,0.04484184927670772,0.04484184927670772,23
Edge67,0.04366082667758747,,0.04366082667758747,0.04366082667758747,23
Edge54,0.04340905965895824,0.030585517705628822,0.011242211462201272,0.13372449866509023,23
Edge232,0.042963088281564296,0.023225951251965766,0.013530343212717923,0.10232106872127565,23
Edge201,0.042219115611532305,0.021185539427119714,0.008687107521852191,0.11537514521144891,23
Edge136,0.04160546229636496,0.02055146879396579,0.013372178094800112,0.08425355421825724,23
Edge249,0.04057584397186082,0.019857296614894288,0.017782125878315402,0.05412840254683243,23
Edge178,0.040109549786639304,0.01323830547047251,0.020029863040399224,0.06883620493397881,23
Edge247,0.03943728288626315,0.024935013394036164,0.02180556582636279,0.05706899994616351,23
Edge89,0.03881645937700571,,0.03881645937700571,0.03881645937700571,23
Edge280,0.037244334015478046,0.015956617896435994,0.02163452807502179,0.06801469233819465,23
Edge189,0.037050172017972824,,0.037050172017972824,0.037050172017972824,23
Edge40,0.03633566419366196,0.013641104670975835,0.026689946577939456,0.04598138180938446,23
Edge1,0.03587659445994459,0.01639386410371788,0.0031431530983634087,0.07233233002363566,23
Edge14,0.03553516548563492,0.005498757642046234,0.03164695666884268,0.039423374302427164,23
Edge135,0.035461041436817144,0.021891378051526366,0.011724952591691555,0.07245659119346931,23
Edge76,0.035046695795058036,0.02060279167705022,0.0066896459307917615,0.0930314545473782,23
Edge153,0.03455340048493575,0.01732308289027259,0.02356021800760116,0.060011411929424545,23
Edge49,0.034548526498244955,0.015594583900207891,0.01636344277056917,0.0651555620207636,23
Edge41,0.03398083805343357,0.020324691274866236,0.011728647350342854,0.07703999498024666,23
Edge145,0.033580830198025845,,0.033580830198025845,0.033580830198025845,23
Edge79,0.033570792764973274,0.014763686489168775,0.0153853518300489,0.053958280514640744,23
Edge301,0.033469941297845626,0.017203235453790218,0.00925009755026984,0.06684683267847435,23
Edge284,0.03341935511209607,0.014060751290299506,0.015325240127606434,0.05951938861134788,23
Edge68,0.03337263207705337,0.015019514527060056,0.012994910665117775,0.09550035737628364,23
Edge39,0.03279320040285498,0.014763944118585556,0.011481051430511344,0.07614763793100986,23
Edge34,0.03269367085412907,0.004891180178690851,0.027200441782895754,0.03827723309057115,23
Edge227,0.03253419011473195,0.011348393826820843,0.02450966388421138,0.04055871634525252,23
Edge65,0.03207351320475993,,0.03207351320475993,0.03207351320475993,23
Edge206,0.03078378087235574,,0.03078378087235574,0.03078378087235574,23
Edge311,0.030573746046763852,0.010436415718852095,0.021474018231237076,0.041965757886222324,23
Edge211,0.030178139420157374,,0.030178139420157374,0.030178139420157374,23
Edge238,0.03005851590082671,0.01159768568298061,0.010931603541225075,0.038720433668753954,23
Edge164,0.029433703256225966,0.009361485599587709,0.022814133306777284,0.03605327320567465,23
Edge254,0.02939091210065966,0.01582543710584294,0.012158073092544505,0.04627487881547978,23
Edge165,0.029085385367707373,0.013198901570305661,0.010383972132175963,0.06426633740486624,23
Edge321,0.029051196644544072,0.01843667491555256,0.01601449878922494,0.04208789449986321,23
Edge10,0.0289214576883863,0.012780334385021554,0.00697445110937231,0.0461245050987756,23
Edge118,0.028290940674850492,,0.028290940674850492,0.028290940674850492,23
Edge28,0.027735624519555607,0.012420977087742409,0.009750556074015166,0.03810852170149053,23
Edge306,0.02721251340101963,0.013770436715462986,0.017475344219615545,0.03694968258242372,23
Edge111,0.02701706323880097,0.00613872266294877,0.02313910883051676,0.03409462177810287,23
Edge181,0.026633954362473636,,0.026633954362473636,0.026633954362473636,23
Edge290,0.02662334684222527,0.014547088887230756,0.00850729943915753,0.05983526160392349,23
Edge266,0.02635361085339948,0.013230022712689521,0.008428002239750489,0.0659760369741968,23
Edge12,0.025980124527521138,,0.025980124527521138,0.025980124527521138,23
Edge21,0.02566626875624872,0.011071324166822,0.007067172457262904,0.054071801514648216,23
Edge191,0.02550180072157093,0.012141673152181969,0.011420997552739844,0.050450591811207125,23
Edge11,0.02493013663306978,0.00844678602841173,0.013875325880222281,0.034186799479594285,23
Edge140,0.02487589304975723,0.004029808810024176,0.018577439669665966,0.02936882056177661,23
Edge93,0.024601701824745616,,0.024601701824745616,0.024601701824745616,23
Edge168,0.024553566441406043,0.01001221945751799,0.007240319386784916,0.044284133656276495,23
Edge233,0.024432308895287535,0.008275833477586099,0.017390523893355967,0.033547785182261314,23
Edge179,0.024414273744754852,0.009523990163720063,0.009163153438475262,0.03726296337826791,23
Edge130,0.024341612887667972,0.010114995957943839,0.017189230654131363,0.03149399512120458,23
Edge257,0.024330495414808584,0.016443025610044158,0.012703520502722294,0.03595747032689488,23
Edge296,0.024317456014408528,0.009309435723092426,0.011663022960820932,0.04603638909440274,23
Edge75,0.024220098330797517,0.01161280247464727,0.007805641119475946,0.04958631270198228,23
Edge269,0.02390432981990382,0.0067222621191790274,0.014213200316923452,0.029577332377370927,23
Edge126,0.023421568246416915,0.0020295407326473835,0.021986466231667636,0.024856670261166194,23
Edge244,0.022543410022365127,0.009132699620762609,0.006024390809226185,0.03977823715812881,23
Edge194,0.022449520597502833,0.010294868638121442,0.015169949172062446,0.029729092022943222,23
Edge152,0.02244367910565614,0.011714422743244251,0.005144893958351006,0.06540050739369654,23
Edge52,0.02222164150242336,0.002991278691172524,0.02010648805547645,0.024336794949370275,23
Edge171,0.022197590317300234,0.008007266708119165,0.002130520840413481,0.040691282981992705,23
Edge175,0.02200435727655111,0.009915269090659845,0.009260814364485274,0.0375377069857506,23
Edge203,0.021856040594303062,,0.021856040594303062,0.021856040594303062,23
Edge115,0.021824835492505246,0.0053705325379269486,0.01587920715072709,0.03250855559397051,23
Edge114,0.021659131155938947,,0.021659131155938947,0.021659131155938947,23
Edge18,0.02158523000497942,0.007224061145379765,0.015046140772446462,0.03189607637206423,23
Edge170,0.021509628664672757,0.011365367916254688,0.010656976696690421,0.03964565071226236,23
Edge197,0.0214734595300609,,0.0214734595300609,0.0214734595300609,23
Edge97,0.02137869030773893,0.011525531997411277,0.005750610476703192,0.047420952873473476,23
Edge101,0.02137267893335545,0.011062403165307376,0.007543248403714081,0.0555664566183487,23
Edge163,0.02134712262614885,,0.02134712262614885,0.02134712262614885,23
Edge216,0.021236328846499206,0.015059967298623633,0.005727542773145691,0.05557261645631486,23
Edge237,0.021084121279383684,,0.021084121279383684,0.021084121279383684,23
Edge24,0.020885692788139266,0.00479906724885232,0.016011859332671508,0.025477568458497975,23
Edge224,0.02087376667222733,0.007141121125008175,0.015824231499459544,0.025923301844995122,23
Edge86,0.020626960447449112,0.009353507274249951,0.012914559232755331,0.0357796321817149,23
Edge69,0.020108946049212244,0.009392231492884238,0.00863952549193408,0.031065830754278604,23
Edge58,0.020103017659515898,0.005578519534271394,0.010653971236585642,0.0295173233287624,23
Edge98,0.01993009456274808,,0.01993009456274808,0.01993009456274808,23
Edge132,0.019675038824644147,0.0064982094318313975,0.012348697207900326,0.028013511683367732,23
Edge315,0.019641586508581853,0.005757424618465266,0.01557047251869469,0.023712700498469012,23
Edge147,0.019485891862631485,0.008597015948063277,0.009192971352056108,0.036641398341464945,23
Edge15,0.018835197877890064,,0.018835197877890064,0.018835197877890064,23
Edge320,0.01878906032806583,0.00221840108711896,0.01560428152587839,0.02220558531174041,23
Edge70,0.01878107681918603,0.008093173899328862,0.004219625760297996,0.04074185964290797,23
Edge325,0.018674906617230865,,0.018674906617230865,0.018674906617230865,23
Edge305,0.018416610125667525,0.007655427015924928,0.006890909856427096,0.03103642015960801,23
Edge230,0.018404584899930573,0.006520191316032362,0.011063792107319446,0.03063882278150914,23
Edge265,0.018207731688472357,,0.018207731688472357,0.018207731688472357,23
Edge231,0.01800106107581079,,0.01800106107581079,0.01800106107581079,23
Edge45,0.01792184500577796,0.009026916780987791,0.006891936030967982,0.040805471480301864,23
Edge316,0.01781315387236693,0.007380842306108474,0.005852936903084944,0.03342014723378468,23
Edge318,0.017512541532737975,0.004612600042198261,0.01039499681747171,0.023323336724913026,23
Edge5,0.017325185124926108,,0.017325185124926108,0.017325185124926108,23
Edge209,0.016828141611466077,0.0036763324823943346,0.014228581983268672,0.019427701239663486,23
Edge263,0.016350571853547196,0.008046382103796448,0.006927364340468716,0.025984044151914694,23
Edge188,0.01631818326386192,0.007718919088108066,0.01025772576725731,0.028944353600031305,23
Edge133,0.016288874544552037,0.004291467749931119,0.010616352001422715,0.024256268917634726,23
Edge71,0.01628867954774554,,0.01628867954774554,0.01628867954774554,23
Edge131,0.015960806803584675,0.007083499716104839,0.004573533142977587,0.025468523226754823,23
Edge156,0.015816217134696154,0.010381552312970005,0.006398197636326421,0.03617294981633338,23
Edge295,0.01549718178376091,0.006613496927307891,0.008149859219973304,0.026078664141008012,23
Edge281,0.014417521408636358,0.006510483211090929,0.008547440011019121,0.02141987079144081,23
Edge317,0.014302220147938135,0.006337931513739079,0.004342641345423977,0.026398822621183204,23
Edge119,0.013987836703432177,,0.013987836703432177,0.013987836703432177,23
Edge60,0.013966569627673836,0.01053816007888978,0.0025365188974140382,0.030748554893699764,23
Edge48,0.013710602811325672,0.008082687042925326,0.00802720751898124,0.027653222410932883,23
Edge127,0.01352594935002549,0.004427560325730979,0.009340585115927058,0.020161263680205085,23
Edge103,0.013384529074714073,0.006467791390188023,0.007718910634669924,0.025749995924165922,23
Edge59,0.012886755671669858,0.006381139014979093,0.008564349764395665,0.020215795746197977,23
Edge187,0.012850305516956486,,0.012850305516956486,0.012850305516956486,23
Edge258,0.012719813671487985,,0.012719813671487985,0.012719813671487985,23
Edge92,0.012480103720281013,,0.012480103720281013,0.012480103720281013,23
Edge202,0.01231762008371825,0.005081661400962877,0.006574614084188068,0.022555794811548898,23
Edge169,0.012077232412469153,0.0048438047604373625,0.0061528854965722,0.019714602829591425,23
Edge35,0.011992977198038738,,0.011992977198038738,0.011992977198038738,23
Edge123,0.011796509042013226,,0.011796509042013226,0.011796509042013226,23
Edge22,0.011272438075209489,,0.011272438075209489,0.011272438075209489,23
Edge150,0.011010326411632076,0.0011188175329655543,0.01021920294716173,0.011801449876102424,23
Edge185,0.010741722495290143,0.00421039820841964,0.005256067176483843,0.019821599459176106,23
Edge64,0.01063100506484466,0.0038232088986414627,0.0056424741542197435,0.01448958716543728,23
Edge32,0.010466065767016558,,0.010466065767016558,0.010466065767016558,23
Edge7,0.009613773174638613,,0.009613773174638613,0.009613773174638613,23
Edge270,0.009433818177162434,0.0018414163715118228,0.008131740173878499,0.010735896180446371,23
Edge109,0.008620074739538408,,0.008620074739538408,0.008620074739538408,23
Edge90,0.00756393268451421,,0.00756393268451421,0.00756393268451421,23
Edge20,0.0975411067820821,,0.0975411067820821,0.0975411067820821,24
Edge218,0.0916123634829697,0.03015973590465711,0.05628844950016861,0.12470850857438433,24
Edge294,0.06788122141841609,,0.06788122141841609,0.06788122141841609,24
Edge4,0.059925269993870864,0.028866876364214738,0.018952196964451256,0.11534201586494633,24
Edge139,0.05722300136955803,0.027017685755623192,0.026496233444315884,0.10174271673335708,24
Edge6,0.05713485469451213,0.01955750709189226,0.02925434409724278,0.10547151948070506,24
Edge251,0.0556778247644673,0.03476406843032539,0.014313252769649143,0.14665728814221812,24
Edge204,0.054315974853256746,0.027457988700645683,0.018275461809265738,0.1655916022518113,24
Edge116,0.052857564775424755,0.016942975681851827,0.022152135042142144,0.09043501133100085,24
Edge112,0.052445122997901064,0.017647935170447587,0.021209341449595326,0.0804013111580606,24
Edge74,0.05164881092919512,0.033894775483646084,0.006176929324840352,0.17631778972216966,24
Edge80,0.049413053052007244,0.024207413397928337,0.015380320977910573,0.10190895293224249,24
Edge259,0.04929099452038738,0.01821242516728431,0.018433062706872328,0.09624014764105926,24
Edge117,0.048810098363881,0.025451053492043667,0.011752330935489618,0.11908931131088224,24
Edge300,0.04819906626386642,0.018250543627157063,0.023028479005699768,0.07890388315405829,24
Edge323,0.04768171045725355,0.01970491827058536,0.01341861074396175,0.11207099818254988,24
Edge260,0.04565232829615982,0.025675057899742743,0.017928592825128646,0.15845225735518623,24
Edge249,0.04544997692836659,0.015883683189814382,0.027116501597161606,0.055068547953146633,24
Edge268,0.04520839619298129,0.028014314925173155,0.020133525559082478,0.08415931802534121,24
Edge232,0.044378820490219587,0.0255714518154272,0.012133197615664558,0.12233772472756385,24
Edge277,0.044049302968020794,,0.044049302968020794,0.044049302968020794,24
Edge54,0.04280260910254007,0.02921864623747155,0.0033116423460792708,0.12058459450247579,24
Edge201,0.041183890885482785,0.020473889997536084,0.003823196088105331,0.09910960966572269,24
Edge247,0.04038101531357738,0.03609510906611447,0.014857918925259807,0.06590411170189495,24
Edge41,0.040287761119268406,0.018062196862178945,0.01381431272207204,0.07619122477309391,24
Edge149,0.04014001832043041,,0.04014001832043041,0.04014001832043041,24
Edge89,0.03998830615783329,,0.03998830615783329,0.03998830615783329,24
Edge280,0.039891135237841546,0.016614944850522523,0.021211699597253685,0.07263280557745286,24
Edge178,0.03978041515894827,0.014045248432657505,0.01424689945994443,0.07157063868296357,24
Edge136,0.039724281158797954,0.021208333147033628,0.012756566179512215,0.08635304457431878,24
Edge65,0.036843741126032135,,0.036843741126032135,0.036843741126032135,24
Edge14,0.03675882951906602,0.008608222749784549,0.030671896838729056,0.04284576219940298,24
Edge153,0.03645375786002588,0.015189931509301017,0.021154424488469794,0.054207166760754474,24
Edge1,0.036270091257450184,0.02012509743666931,0.004987737279764263,0.08262414895269374,24
Edge76,0.03585551117002334,0.022054513544636143,0.002028860028860029,0.09374750376349333,24
Edge34,0.03483424155629744,0.006098021740509718,0.029319935949147183,0.040773908343472894,24
Edge49,0.03456015830395682,0.01591355150869068,0.012085205906980966,0.06379923601443396,24
Edge68,0.03425815974458375,0.014708739516344192,0.01214233851114233,0.0924929784329064,24
Edge93,0.03405082779935377,,0.03405082779935377,0.03405082779935377,24
Edge135,0.03390775471355063,0.021821181439889786,0.005192996733477595,0.06734021880543105,24
Edge238,0.033556605059544366,0.00822160343857363,0.020659853546043716,0.04155658985346958,24
Edge39,0.03338104625073643,0.0147757927533376,0.014596136496372411,0.07780827326191055,24
Edge79,0.032808090525855774,0.01637540868974652,0.0127373682966102,0.05284403154363888,24
Edge134,0.0325886675489204,,0.0325886675489204,0.0325886675489204,24
Edge284,0.03251438536526043,0.013623288903276012,0.010886668736062961,0.05984650556742646,24
Edge311,0.03211707265191511,0.002856207527228088,0.029813407016458723,0.03531286361955915,24
Edge301,0.03135093497452617,0.01791412887360842,0.00943199358095186,0.06351682916982031,24
Edge164,0.03133833004100004,0.0035506417077982664,0.028827647211852103,0.03384901287014798,24
Edge257,0.030349874548972876,0.014713255654757548,0.019946031702162498,0.040753717395783255,24
Edge165,0.029446275573412808,0.01432416569739749,0.009178481214860486,0.07441552013251951,24
Edge145,0.029211574543398056,,0.029211574543398056,0.029211574543398056,24
Edge321,0.029052953081367017,0.010238426028738494,0.021813292607769177,0.03629261355496486,24
Edge254,0.02876931835764713,0.024319667345778697,0.010163105107952047,0.06771039527601751,24
Edge40,0.028456848196080714,0.002016515719389757,0.027030956256530948,0.02988274013563048,24
Edge15,0.02825407558943086,,0.02825407558943086,0.02825407558943086,24
Edge67,0.027693162378272143,,0.027693162378272143,0.027693162378272143,24
Edge290,0.027607554956691528,0.01173747478709551,0.013757493245664082,0.04571168550278479,24
Edge227,0.026866964498741926,0.0073678582753109656,0.021657101949448122,0.03207682704803573,24
Edge181,0.02660872544951631,,0.02660872544951631,0.02660872544951631,24
Edge75,0.02642955360773532,0.012933278655706685,0.010629122257288471,0.05749551259148587,24
Edge98,0.026341133677939273,,0.026341133677939273,0.026341133677939273,24
Edge69,0.02612875345400391,0.009701856135464043,0.011750425651542338,0.037452966782313774,24
Edge266,0.025797798588518113,0.014022564130704468,0.005522505982951451,0.06942015324604357,24
Edge175,0.025671458669240064,0.010721651454430743,0.013373049350103377,0.04765332791442513,24
Edge18,0.025665682134318597,0.009168236666805371,0.012250509128653483,0.03232138380608731,24
Edge10,0.025473089832226226,0.012168995601187248,0.005582525383751466,0.03640141666166425,24
Edge24,0.025470574389359103,0.002835959427740434,0.02254995210815136,0.0289443177214796,24
Edge296,0.0254696766233478,0.00884691624115059,0.011644571244807946,0.037944422062084905,24
Edge5,0.025213337233491156,,0.025213337233491156,0.025213337233491156,24
Edge140,0.025134417815777393,0.00547932823047684,0.018615858385751038,0.03305152899541965,24
Edge191,0.02493905620422718,0.011039662050995706,0.010809937034221331,0.044807442956065514,24
Edge315,0.02462789811513027,0.01170350345219425,0.016352271460443546,0.03290352476981699,24
Edge21,0.024437211713198233,0.012594847473520347,0.009847596909830498,0.06806274639226101,24
Edge206,0.024284722348370147,,0.024284722348370147,0.024284722348370147,24
Edge171,0.024192789631411457,0.010363857146633381,0.004279699185416779,0.051223082432542685,24
Edge168,0.023910596065363738,0.009135014620777579,0.00922200195064654,0.039231547980407705,24
Edge130,0.023695309005630168,0.0029919184886299565,0.02157970315356252,0.025810914857697816,24
Edge179,0.023634101845581693,0.00815576322921943,0.010876295867201883,0.03762128403047405,24
Edge233,0.023606201908300536,0.006823895653857702,0.019078243437435465,0.031454869672140805,24
Edge28,0.023598868175353727,0.010074134447488123,0.009617656628034281,0.03361414669527908,24
Edge203,0.023166125938553078,,0.023166125938553078,0.023166125938553078,24
Edge306,0.023089234989178545,0.006748446783700736,0.018317362505947208,0.02786110747240988,24
Edge119,0.023008940190422263,,0.023008940190422263,0.023008940190422263,24
Edge244,0.022909352016461656,0.005398093326453746,0.016518172881934013,0.03353211532538025,24
Edge115,0.022502875432174017,0.007179815552826813,0.013369401695609105,0.037795368677030934,24
Edge237,0.022262772043911635,,0.022262772043911635,0.022262772043911635,24
Edge101,0.022118132587978605,0.010983529691488199,0.007435922964145488,0.04815851834199748,24
Edge269,0.022067817334541422,0.008587386305103186,0.012113277165595132,0.03279739461317118,24
Edge97,0.0218827365416702,0.011526304599434222,0.005301470894996234,0.04973913079975834,24
Edge114,0.021867377602817414,,0.021867377602817414,0.021867377602817414,24
Edge111,0.021764960071490907,0.012074648918721839,0.011428689351509584,0.03503669199182643,24
Edge170,0.02144485899280124,0.009191830593298285,0.012211374090312262,0.04048695032923946,24
Edge265,0.021264361249476504,,0.021264361249476504,0.021264361249476504,24
Edge152,0.021001041777844762,0.012404433879654465,0.005204992011989321,0.06231829624539535,24
Edge132,0.020785037276458956,0.00865731369870139,0.010411655453661284,0.0346271924623586,24
Edge295,0.02057070054491385,0.0071322538543903665,0.013390048787350136,0.02889556130558809,24
Edge147,0.020550118849072523,0.010246150015017993,0.011474855004184445,0.04928715479366473,24
Edge320,0.020544806297480393,0.00781399239195152,0.01334365622592575,0.03559327712426512,24
Edge118,0.020317005580275608,,0.020317005580275608,0.020317005580275608,24
Edge58,0.020145776257249077,0.00639275001293784,0.011524751383042191,0.03154130955483155,24
Edge126,0.02011898084761267,0.0017854169393188872,0.018856500422574956,0.021381461272650386,24
Edge188,0.019425384228132614,0.009174336432588357,0.010390490089262317,0.0334532895262157,24
Edge216,0.01930465439010698,0.013126259479325341,0.006484030166054659,0.04984735088674215,24
Edge71,0.019239955187137493,,0.019239955187137493,0.019239955187137493,24
Edge230,0.018909111988081997,0.007590603119234804,0.014452023078376775,0.03804712105056272,24
Edge45,0.01877423237919002,0.008038490811489515,0.009781352617479897,0.03653810040027084,24
Edge11,0.018755467371044346,0.008229387981470162,0.009979387418302598,0.02584492330193962,24
Edge70,0.018628021348755,0.008748117404034883,0.003382768685276394,0.04353676034182764,24
Edge12,0.01841367673660525,,0.01841367673660525,0.01841367673660525,24
Edge189,0.018315026107986847,,0.018315026107986847,0.018315026107986847,24
Edge52,0.01814118482752156,0.007676924218005851,0.01271277965431439,0.02356959000072873,24
Edge211,0.01777891514023225,,0.01777891514023225,0.01777891514023225,24
Edge325,0.017566144294551365,,0.017566144294551365,0.017566144294551365,24
Edge318,0.017283438110330146,0.006738504900650101,0.007577561050668006,0.03186889904259488,24
Edge7,0.01716577260533065,,0.01716577260533065,0.01716577260533065,24
Edge86,0.017089732667913558,0.006288323401363177,0.010718540662880645,0.026909936069470265,24
Edge270,0.017078074616996397,0.00048110295173316414,0.016737883457377013,0.017418265776615784,24
Edge163,0.01692124894292372,,0.01692124894292372,0.01692124894292372,24
Edge194,0.016817242640485817,0.005658974510412627,0.012815743389611224,0.020818741891360407,24
Edge48,0.01631463918647439,0.0066096195023815744,0.010344697808746977,0.02767371901408982,24
Edge305,0.016245617173843634,0.0043862525362374435,0.011624876671835763,0.024976622825580632,24
Edge263,0.01603783008613796,0.007222870219066026,0.006108593656943969,0.023422639178331487,24
Edge127,0.015883654183583902,0.0047712481704101795,0.00991715258100343,0.02313485789169564,24
Edge316,0.015469272683166896,0.007858041410869031,0.0054236143389705055,0.03305800756636261,24
Edge131,0.015389478312593942,0.007485459553135031,0.0035489640354172385,0.02912808715350551,24
Edge133,0.014766027377959241,0.004018691278200406,0.005368879000355185,0.018167505675296593,24
Edge92,0.014559667917414691,,0.014559667917414691,0.014559667917414691,24
Edge317,0.01444031324118466,0.005528020660014037,0.006225060826559184,0.02566809240931072,24
Edge281,0.014295395538526628,0.0043806745842002075,0.011445965315462563,0.019339623098659227,24
Edge59,0.013756338155154238,0.006224252819854544,0.0077919282894121185,0.020211392693255247,24
Edge224,0.013564108623708732,0.001968764301306503,0.012171982035696909,0.014956235211720556,24
Edge156,0.013396412716575908,0.007835145887579735,0.003393720646725075,0.02929911722319984,24
Edge150,0.013280654973011577,0.007445291293818391,0.008016039011243427,0.018545270934779725,24
Edge60,0.0123188053365481,0.006249466656806799,0.005620257318939228,0.018839375759656014,24
Edge209,0.012284079583495037,0.008806396197000823,0.006057017114780333,0.01851114205220974,24
Edge64,0.011860534665708028,0.00526024962731189,0.003934518177667237,0.0182550084489901,24
Edge197,0.011696330752316632,,0.011696330752316632,0.011696330752316632,24
Edge202,0.01143149189659354,0.005223154828290722,0.005416950499387776,0.023901189984425322,24
Edge185,0.010740926301217875,0.004938408570982379,0.0028360023375475214,0.02297693476103901,24
Edge187,0.010456626506455798,,0.010456626506455798,0.010456626506455798,24
Edge109,0.010195509543207425,,0.010195509543207425,0.010195509543207425,24
Edge123,0.010177343304307652,,0.010177343304307652,0.010177343304307652,24
Edge169,0.009969235380364589,0.004859685617809688,0.003456354987489421,0.017989851930014664,24
Edge103,0.009900848607250897,0.005441481928171659,0.004300445456264684,0.01929126827384672,24
Edge258,0.009811625213179822,,0.009811625213179822,0.009811625213179822,24
Edge231,0.00923044179328036,,0.00923044179328036,0.00923044179328036,24
Edge90,0.008509414340338202,,0.008509414340338202,0.008509414340338202,24
Edge22,0.007899931114551357,,0.007899931114551357,0.007899931114551357,24
Edge35,0.007510054305544499,,0.007510054305544499,0.007510054305544499,24
Edge32,0.0070597736973087456,,0.0070597736973087456,0.0070597736973087456,24
Edge20,0.11692226145478049,,0.11692226145478049,0.11692226145478049,25
Edge218,0.09100136156189587,0.02819899005598472,0.05453034355247566,0.12211031930249054,25
Edge4,0.06004761192223552,0.025707563152101803,0.020007923318067482,0.10445495136825357,25
Edge6,0.05787822966359426,0.022013097587878068,0.024542085041204822,0.11620085542158035,25
Edge294,0.056010062547081345,,0.056010062547081345,0.056010062547081345,25
Edge251,0.0547891919698374,0.037169867370452817,0.00922785579529265,0.15348594094924312,25
Edge204,0.05465364119946179,0.029961527852936928,0.015374757843005795,0.17829891185065713,25
Edge139,0.05399400673483201,0.024121053866672803,0.02722414181073165,0.09384511716365643,25
Edge112,0.05264406954980588,0.018623661615160478,0.01557831355187303,0.07627495817032304,25
Edge116,0.05264323483119912,0.017582213352412238,0.017468011490800735,0.10692860531933188,25
Edge74,0.050638836532876104,0.033214227120422234,0.015643232592771564,0.1757640222375448,25
Edge259,0.05024594112538508,0.01665063864526127,0.02056490469607543,0.08532373446001298,25
Edge149,0.04994138500871811,,0.04994138500871811,0.04994138500871811,25
Edge268,0.04982811828481289,0.027372561812155125,0.021307222002880943,0.08587104781469107,25
Edge134,0.04905136175634678,,0.04905136175634678,0.04905136175634678,25
Edge117,0.049050230420200756,0.028843502135990157,0.01000016853388394,0.1229799730203868,25
Edge323,0.04873070186086577,0.019354569626100764,0.012736102071541747,0.11387071186793671,25
Edge80,0.04837955407592419,0.025671490110044735,0.01586811158018285,0.10448782511796391,25
Edge249,0.046602138569271666,0.013233399585596578,0.03152667555971018,0.05630104472631335,25
Edge300,0.046511631509153585,0.020841056869751615,0.014853503266573528,0.07939534823045571,25
Edge89,0.04626919142610712,,0.04626919142610712,0.04626919142610712,25
Edge260,0.045870840400546176,0.02522767564366086,0.011731287340899128,0.15284975216665975,25
Edge232,0.04443922459297571,0.024249857436225184,0.015184416363789066,0.12975951273890582,25
Edge54,0.04434888198429986,0.028698989761256816,0.006560502210971114,0.11590211549166346,25
Edge201,0.04224788169395556,0.02123717956037365,0.01150146530970775,0.11189538551283709,25
Edge67,0.04069450926439762,,0.04069450926439762,0.04069450926439762,25
Edge280,0.03998559221129191,0.017045955431775728,0.026160287448494912,0.08038088920368539,25
Edge136,0.03944413475368587,0.015890673245645373,0.016718991371258037,0.07796495597142276,25
Edge178,0.039178572996949795,0.012926735638649179,0.015615466338115386,0.06662704137233601,25
Edge76,0.03639563244196181,0.02257331759443761,0.005618483313512274,0.09521878304912884,25
Edge1,0.03568452462792104,0.019021634845312635,0.0048150287785671516,0.07079158813468167,25
Edge14,0.03532332059859691,0.0015172078176205282,0.0342504926622882,0.03639614853490564,25
Edge41,0.03519640109331124,0.016985994968807903,0.017812593757456693,0.07264157111381599,25
Edge65,0.03499812166283911,,0.03499812166283911,0.03499812166283911,25
Edge49,0.03498011697105144,0.016645413789098642,0.015048021266470793,0.07073363090567142,25
Edge238,0.03425442357336221,0.007219105266947747,0.02760033006311125,0.04477300171403085,25
Edge68,0.03405901250204248,0.01634605181074894,0.010932571314784994,0.09899902846738552,25
Edge39,0.03400169549071798,0.015021985467692994,0.005971334658918833,0.07964712361874934,25
Edge181,0.033951695976820115,,0.033951695976820115,0.033951695976820115,25
Edge311,0.03362185291038603,0.00480749740642586,0.02825465236988127,0.03753301176632605,25
Edge135,0.033085599208657876,0.02048239315137213,0.00960080060377047,0.06976401827071631,25
Edge247,0.03239995564605494,0.02233860375049979,0.016604177451837294,0.048195733840272585,25
Edge284,0.03224484655931249,0.015954805934927402,0.01326009489512131,0.0715390778768438,25
Edge34,0.03220605106635951,0.006607450493159077,0.02554852487355449,0.04111152347779464,25
Edge203,0.03180177216407449,,0.03180177216407449,0.03180177216407449,25
Edge301,0.03149694729930234,0.0157083497322533,0.008927896377352564,0.06488148629946905,25
Edge257,0.03126078928580828,0.019048988049567474,0.01779112066121761,0.04473045791039894,25
Edge10,0.031206602499874697,0.012387604276144916,0.01638475504792277,0.04792558435205756,25
Edge153,0.031032132521912368,0.015575744775062912,0.015255906365119655,0.04585046948483933,25
Edge28,0.030929976566035345,0.009585558630632816,0.020450289009709143,0.043046349950321576,25
Edge130,0.030893258650006857,0.0039051833710831005,0.028131877006537055,0.03365464029347666,25
Edge40,0.0306468405845705,0.007184861867169615,0.025566376036406227,0.035727305132734775,25
Edge79,0.030318644621123637,0.01883862933531692,0.004502076692210551,0.05425812836880292,25
Edge145,0.030176618341848403,,0.030176618341848403,0.030176618341848403,25
Edge321,0.030171153777979617,0.005930064235869938,0.02597796514392416,0.03436434241203507,25
Edge277,0.029821533109177262,,0.029821533109177262,0.029821533109177262,25
Edge254,0.029578022617830702,0.022925564812635614,0.00899936640427923,0.06112813120594624,25
Edge165,0.02881596753739567,0.013106937056878305,0.008061215685953999,0.05915287341371733,25
Edge211,0.028582365936831007,,0.028582365936831007,0.028582365936831007,25
Edge206,0.02833230298266522,,0.02833230298266522,0.02833230298266522,25
Edge98,0.027951982771291427,,0.027951982771291427,0.027951982771291427,25
Edge93,0.026930424064450034,,0.026930424064450034,0.026930424064450034,25
Edge290,0.025953934567478132,0.010264236053929301,0.010352788240597759,0.04464791185897832,25
Edge266,0.025788627905192346,0.013563196577346264,0.010110616758303013,0.07051479337529706,25
Edge75,0.025181460078719485,0.013233423710764303,0.008561544416778533,0.05936673130970289,25
Edge179,0.024987790060217948,0.008290289289961155,0.014812016145412806,0.03784428198979379,25
Edge233,0.02491762911311123,0.010626177779363609,0.015830354270010404,0.036601415772814935,25
Edge164,0.024787160150218104,0.005743027101732558,0.02072622674204489,0.02884809355839132,25
Edge21,0.024467156339904504,0.011836590565195182,0.00811833996407423,0.06001213100278544,25
Edge140,0.024452061007973473,0.005560211457177814,0.014980987189511307,0.03141610566290651,25
Edge269,0.02442183780131631,0.010631630627125587,0.009543066735864159,0.03478832106517029,25
Edge296,0.02418885185762611,0.008863745836773245,0.010614835884431868,0.03668260814222665,25
Edge171,0.023724114156441312,0.011662969047149972,0.005791732017439462,0.059752631096752724,25
Edge15,0.023670222312086635,,0.023670222312086635,0.023670222312086635,25
Edge227,0.02365516841592062,0.01009137232414635,0.016519490614038488,0.03079084621780276,25
Edge11,0.02355405802348085,0.0070371475624555315,0.016330098939868715,0.03251044051227353,25
Edge69,0.023392460524471585,0.008901412192157836,0.010973158234939709,0.033441868618459714,25
Edge306,0.02330115052407966,0.005111470009908121,0.019686795418241962,0.026915505629917364,25
Edge170,0.023222755205742306,0.013775608709431002,0.011098859669006585,0.05203946748071022,25
Edge119,0.023214252699075216,,0.023214252699075216,0.023214252699075216,25
Edge115,0.023155261361726277,0.006449109376686441,0.010995042710323664,0.03209081691815006,25
Edge191,0.023121775770213786,0.015351560803494547,0.003665445665445665,0.0474052692258644,25
Edge197,0.022971981106451878,,0.022971981106451878,0.022971981106451878,25
Edge175,0.022967063744732435,0.009529021691332105,0.007911517668600645,0.036075292898716645,25
Edge168,0.022847088359283577,0.009646108022272117,0.008497919906303763,0.04451526218470701,25
Edge24,0.02269436073993345,0.0018200286803617567,0.02090856730701316,0.02476441320419881,25
Edge244,0.022430674057392977,0.008244324595442606,0.0054269959133607885,0.031000173989633787,25
Edge111,0.0223658235374721,0.012289860585318798,0.014002477979723236,0.03647631857872158,25
Edge315,0.021916498538296816,0.007645805453621739,0.0165100976544078,0.027322899422185836,25
Edge101,0.021870685455686233,0.010523793652038559,0.009861995639836427,0.04796926718698102,25
Edge152,0.021780315183974438,0.012357423980616124,0.004797104156282656,0.06398858640033402,25
Edge126,0.021689990235118247,0.0009166322609171081,0.021041833347569403,0.02233814712266709,25
Edge58,0.021109602935125562,0.006954951369542765,0.011627012518611566,0.03537818310936066,25
Edge86,0.020917352318618763,0.012767417602500154,0.01031692062875672,0.0425983834118267,25
Edge189,0.02066223938126521,,0.02066223938126521,0.02066223938126521,25
Edge18,0.020570041819457142,0.011193386526601993,0.008276786483527384,0.03517524279902193,25
Edge265,0.020064286298975924,,0.020064286298975924,0.020064286298975924,25
Edge5,0.020038014149068837,,0.020038014149068837,0.020038014149068837,25
Edge216,0.019996860801444374,0.011889945258338346,0.007599415086067257,0.045491731688373525,25
Edge97,0.019972509915241708,0.011282363288548085,0.005802441704933239,0.050660109611128844,25
Edge52,0.019957067200885373,0.002918923175646052,0.017893076829623475,0.022021057572147267,25
Edge71,0.019928657677769638,,0.019928657677769638,0.019928657677769638,25
Edge70,0.019808621562787027,0.009061989665292114,0.005583514399606353,0.051622544248869744,25
Edge295,0.01875371737038808,0.007387544465285603,0.011435411284755781,0.0276649296426771,25
Edge224,0.01871765173667778,0.00807639041718521,0.013006781305176069,0.02442852216817949,25
Edge188,0.018424847237424918,0.0054384934103465805,0.011651514296597228,0.025649510931735713,25
Edge325,0.018214736681672568,,0.018214736681672568,0.018214736681672568,25
Edge316,0.01816681697178706,0.008789391777059905,0.004466706167665477,0.04189451729928148,25
Edge45,0.018019707688308215,0.007589100183549114,0.008008875579587718,0.035455207491453,25
Edge318,0.017757314073112023,0.007807625372802571,0.009778929871699192,0.0381014391185293,25
Edge305,0.017752814675031595,0.004488767605140173,0.009453163500360583,0.023302065886747828,25
Edge118,0.017724127532009307,,0.017724127532009307,0.017724127532009307,25
Edge237,0.017708878412847733,,0.017708878412847733,0.017708878412847733,25
Edge114,0.017510188351215678,,0.017510188351215678,0.017510188351215678,25
Edge230,0.01747973502686979,0.00574970334478534,0.009349565311220753,0.02771072189976763,25
Edge194,0.01737796511907954,0.009567420086928357,0.01061277749715211,0.02414315274100697,25
Edge12,0.016851105767195933,,0.016851105767195933,0.016851105767195933,25
Edge263,0.016569563033823773,0.008538319583923586,0.006788050766556059,0.025111849814948555,25
Edge320,0.016561021153313447,0.005573140177940008,0.010973967656420577,0.02667306107280394,25
Edge133,0.016380104286357763,0.0038495186682780537,0.009110662990749164,0.020831822260291115,25
Edge147,0.016095138200431666,0.008500842860404735,0.00624936202074104,0.03397670674025106,25
Edge132,0.01579571272233055,0.0016916929641218785,0.014451593457510046,0.01881461712507222,25
Edge270,0.01574192552947084,0.00198268085871471,0.014339958449344898,0.017143892609596777,25
Edge131,0.01554773607774348,0.007948167818823652,0.005035857274841949,0.031142944284596994,25
Edge59,0.014985368933727898,0.0017642564564140832,0.013706378868839,0.016998086145732304,25
Edge317,0.014915561646829119,0.004331723367619559,0.005470010421317974,0.021570483600599422,25
Edge163,0.014881406936646283,,0.014881406936646283,0.014881406936646283,25
Edge60,0.01482775466055122,0.005325462830341075,0.008537215427905311,0.02003555801337798,25
Edge127,0.014495591547976621,0.00533408125612338,0.009251063405963624,0.02097325135823149,25
Edge48,0.014146997758555421,0.006642297930926371,0.008127496267812211,0.025267483562890262,25
Edge103,0.013981827752937964,0.006702188478048794,0.0071398559272161785,0.02577978615369961,25
Edge150,0.013586678324006875,0.0018762747456031283,0.012259951728021837,0.01491340491999191,25
Edge281,0.013547557917376897,0.009604497650807705,0.007442118190430468,0.02461832488908282,25
Edge187,0.013035269826853707,,0.013035269826853707,0.013035269826853707,25
Edge156,0.012924479062906629,0.006456524609798862,0.006027536656612727,0.024678649793441018,25
Edge22,0.012577438735879177,,0.012577438735879177,0.012577438735879177,25
Edge209,0.012559914196289407,0.004041919593777803,0.009701845442518345,0.015417982950060466,25
Edge202,0.012465370117305865,0.00870136891461711,0.0020489729061157636,0.03001969025179201,25
Edge7,0.01231515468586777,,0.01231515468586777,0.01231515468586777,25
Edge109,0.01198775549008257,,0.01198775549008257,0.01198775549008257,25
Edge35,0.011691504806373073,,0.011691504806373073,0.011691504806373073,25
Edge92,0.011627500169786524,,0.011627500169786524,0.011627500169786524,25
Edge169,0.011123748684273507,0.005850370862479977,0.0038619641272146727,0.017732663652730334,25
Edge123,0.01086478682451966,,0.01086478682451966,0.01086478682451966,25
Edge185,0.010428361930035974,0.00437919283554906,0.0039047051772791615,0.019368668721249344,25
Edge64,0.009809386482674874,0.004188529790824185,0.004626096369598071,0.015173037188575031,25
Edge231,0.009483903043540338,,0.009483903043540338,0.009483903043540338,25
Edge90,0.008448467072890688,,0.008448467072890688,0.008448467072890688,25
Edge32,0.008086349863090883,,0.008086349863090883,0.008086349863090883,25
Edge258,0.008006086460685412,,0.008006086460685412,0.008006086460685412,25
Edge20,0.09686820322994917,,0.09686820322994917,0.09686820322994917,26
Edge218,0.09180938527489343,0.03023694747019603,0.050227299223434406,0.12223060129985269,26
Edge6,0.06017029755643143,0.024672076754337358,0.03082537413370157,0.13345442004987704,26
Edge4,0.05985643790710054,0.029001872754719913,0.011323164399542618,0.11938074386266082,26
Edge251,0.05797879605345021,0.037704262997932156,0.009762827282907768,0.16048919489003582,26
Edge139,0.05447477065554739,0.025109109698097425,0.0276762703694681,0.09202359409379601,26
Edge204,0.05386541668802361,0.02873741795822255,0.01940605817129664,0.1772193027137912,26
Edge116,0.05357402986069837,0.0174169893731417,0.01835346296877276,0.10331720914400311,26
Edge89,0.05331226559324588,,0.05331226559324588,0.05331226559324588,26
Edge74,0.05307709053326622,0.034164237747736526,0.014799411911377108,0.18253377028215892,26
Edge268,0.05074917390887085,0.025436788163947607,0.028912832234114495,0.08464266834509812,26
Edge117,0.050164910778477866,0.027190546043570653,0.015165786410919745,0.1293480775797202,26
Edge300,0.05000201583153964,0.020104671392884847,0.016554831919645567,0.08424305499465168,26
Edge259,0.04976046747660972,0.016763179079298432,0.024507170803629855,0.08864144940696964,26
Edge294,0.04955144752595813,,0.04955144752595813,0.04955144752595813,26
Edge149,0.04906129164022425,,0.04906129164022425,0.04906129164022425,26
Edge112,0.04905998887320761,0.015964704943088277,0.017346364903630587,0.07020678344973484,26
Edge80,0.04827063144385017,0.02583834840012661,0.01388157400807465,0.10991784667732132,26
Edge323,0.047674918602835695,0.018986993721750948,0.010530809811149976,0.11288572998391166,26
Edge260,0.04645216145173917,0.02550505518639332,0.01786442928783372,0.15089296598112434,26
Edge54,0.04415573588194828,0.028906696616166336,0.011075821999299691,0.11489022696319713,26
Edge232,0.043424746133729236,0.024834132935649168,0.01276353012841527,0.11797004971030606,26
Edge247,0.042164702124336796,0.035852467099796094,0.016813179515803384,0.06751622473287021,26
Edge201,0.04147180184008803,0.02125392230085858,0.012568231304471747,0.09756882937779851,26
Edge134,0.04048265983579315,,0.04048265983579315,0.04048265983579315,26
Edge14,0.04040460181232985,0.0008333479336117304,0.039815335837385196,0.0409938677872745,26
Edge136,0.039856428098857165,0.018927199373039178,0.01845113103284378,0.08393466549292247,26
Edge178,0.039737701351843104,0.015831299685916747,0.011324451280001549,0.07430297389296453,26
Edge277,0.03899214760591462,,0.03899214760591462,0.03899214760591462,26
Edge280,0.03897154752811415,0.020090798621498936,0.018580209462065747,0.07993960064604794,26
Edge1,0.0378514507563772,0.019318795684081395,0.006652375988544979,0.07416162873766462,26
Edge67,0.03769262828950895,,0.03769262828950895,0.03769262828950895,26
Edge249,0.03739528378380969,0.011165683637263734,0.02502761309995999,0.04673396182852378,26
Edge41,0.035550631747224594,0.01994219581593936,0.01681985779653852,0.07607602555142805,26
Edge153,0.035262335670175976,0.017510520525249335,0.01771457743040523,0.055348039672636566,26
Edge49,0.035168963325126375,0.014745731809927167,0.01964206039023374,0.06905377250713028,26
Edge76,0.03482201264807542,0.022445409041954068,0.002615575597893263,0.09489008190441983,26
Edge68,0.03466711812289426,0.0148658786117717,0.012536343256937667,0.08922149436704252,26
Edge257,0.034564636990535795,0.014462200605383687,0.024338316871588796,0.04479095710948279,26
Edge284,0.0342168504373831,0.015951609161311907,0.014453205406637526,0.06689165155790716,26
Edge39,0.03335390495230595,0.015558761565570864,0.008228775295093093,0.07887854865175702,26
Edge79,0.032870767310351254,0.01574968198298301,0.01571644523144877,0.05016055260104726,26
Edge135,0.03213076018749566,0.022291966497609644,0.010419309186879886,0.0677608913872113,26
Edge145,0.03190504039489288,,0.03190504039489288,0.03190504039489288,26
Edge311,0.03157939433252261,0.0014176655903232896,0.030174816902090874,0.03300979526946534,26
Edge301,0.03146277081158216,0.017604741701293638,0.012364830405047447,0.07152817466403674,26
Edge206,0.030119549535352685,,0.030119549535352685,0.030119549535352685,26
Edge12,0.02998668274428779,,0.02998668274428779,0.02998668274428779,26
Edge34,0.029795368558507382,0.007531760715606687,0.022616334253624505,0.04039551796015842,26
Edge238,0.029087585074277306,0.009934697791099414,0.018094648705093475,0.039630224414349983,26
Edge165,0.029012933403227952,0.013018086753469257,0.007267466218889656,0.06349380929237854,26
Edge65,0.028977508744009586,,0.028977508744009586,0.028977508744009586,26
Edge181,0.02876220269212609,,0.02876220269212609,0.02876220269212609,26
Edge28,0.028345208164427385,0.00944648757898199,0.018863981050004953,0.04050761687768458,26
Edge189,0.028170417738298682,,0.028170417738298682,0.028170417738298682,26
Edge111,0.02798188121371417,0.020829724733441614,0.01237469299191429,0.051634424479934556,26
Edge93,0.02789469931091363,,0.02789469931091363,0.02789469931091363,26
Edge40,0.02766506312206369,0.004904195702027526,0.024197273084894104,0.03113285315923327,26
Edge10,0.027639177690187842,0.013259864014963034,0.0062285748273067515,0.04138394323345962,26
Edge306,0.027086310616083787,0.010086157529544103,0.019954320230827396,0.03421830100134018,26
Edge179,0.026364884744173242,0.007755634276060211,0.011957223202898751,0.035671390786057224,26
Edge164,0.026241412191427275,0.004834961215133729,0.022822578329432266,0.029660246053422285,26
Edge254,0.026195900968944093,0.01655244761110631,0.010474674586731264,0.0479968676348231,26
Edge227,0.025987641608438545,0.010210996860557216,0.01876737648566399,0.0332079067312131,26
Edge315,0.02589338234465661,0.0026299060118217888,0.024033757969814155,0.027753006719499065,26
Edge290,0.025883885019442526,0.01296478920736666,0.007770653918047849,0.04613296709461986,26
Edge269,0.025825249652754314,0.013499356732930826,0.009934812005275165,0.04274185564064573,26
Edge266,0.025732041489885806,0.014009252414901028,0.007566917773151573,0.06802794152224884,26
Edge130,0.02572656580497735,0.007306043103380418,0.020560413182935847,0.03089271842701885,26
Edge296,0.025501136976631585,0.011962818405617286,0.008999924380094653,0.049294214113322334,26
Edge21,0.025457992568465346,0.011760990704383257,0.01275412997843344,0.06500782846358882,26
Edge75,0.025308610047144835,0.012290336862854299,0.013033308657004583,0.05611009009636808,26
Edge321,0.024960125979165627,0.007875004170736884,0.01939165712816523,0.030528594830166022,26
Edge15,0.0246816851823744,,0.0246816851823744,0.0246816851823744,26
Edge211,0.024444421037441915,,0.024444421037441915,0.024444421037441915,26
Edge140,0.02438695397914873,0.00794233573348833,0.011255353970587408,0.037670017961451065,26
Edge175,0.02415111850751053,0.0090519898921036,0.011769752703608931,0.03619321339481701,26
Edge168,0.024134412073095364,0.008037850748236151,0.010653719709623328,0.03746896423582462,26
Edge203,0.02386711069077082,,0.02386711069077082,0.02386711069077082,26
Edge325,0.023820817444310402,,0.023820817444310402,0.023820817444310402,26
Edge197,0.023633988760131924,,0.023633988760131924,0.023633988760131924,26
Edge18,0.02323665587543624,0.008559051370140338,0.014884540951656974,0.033530706754108415,26
Edge115,0.023135629481513226,0.008416163834649968,0.011883500665464317,0.03799697119807832,26
Edge171,0.02309806746625157,0.010657977816072254,0.006633508583926745,0.055787530103577704,26
Edge191,0.02309416929616438,0.011073959447701284,0.0072713399362153855,0.04078716015725735,26
Edge152,0.022301461580300583,0.011461009109921975,0.005394266701997978,0.061483016893351734,26
Edge24,0.0220047652532864,0.004058471943534794,0.018547162744285934,0.02731495577723183,26
Edge114,0.02187621234203732,,0.02187621234203732,0.02187621234203732,26
Edge244,0.021771794404918773,0.006833319028640665,0.008859943827126453,0.0306424749851786,26
Edge69,0.021471228634604343,0.01074923414883617,0.0038436053250868064,0.03548712572865593,26
Edge233,0.021417807356418416,0.0013331517499829018,0.019941567401967935,0.022533856276892916,26
Edge101,0.02138577317819472,0.012558968380033985,0.00920417475227854,0.05366849596292944,26
Edge170,0.02116479316537517,0.012922965291624337,0.006225918012516844,0.047993416067757796,26
Edge237,0.021126575661744692,,0.021126575661744692,0.021126575661744692,26
Edge98,0.0210255390157965,,0.0210255390157965,0.0210255390157965,26
Edge97,0.020911239726485963,0.00940004476362006,0.009306789330695281,0.03936761297165179,26
Edge118,0.020639878105667343,,0.020639878105667343,0.020639878105667343,26
Edge119,0.01975848972877579,,0.01975848972877579,0.01975848972877579,26
Edge224,0.01974686724308651,0.005011248464118084,0.01620337947189794,0.023290355014275076,26
Edge52,0.019685875704652394,0.0060333948285273414,0.015419621307824862,0.023952130101479924,26
Edge216,0.019601614384080576,0.010368657689977405,0.008766147643745809,0.04063301051548478,26
Edge194,0.01956468482586366,0.006131318314358788,0.015229188068167292,0.023900181583560033,26
Edge263,0.019412074452202183,0.007013092948986252,0.013050367831101473,0.02736043928875521,26
Edge320,0.019160016489276965,0.005729317968885999,0.009953146480527288,0.027932277462328143,26
Edge295,0.019039332200920158,0.005625164955768216,0.010851346286342082,0.025934957340025936,26
Edge45,0.01892168307465763,0.007944809155763684,0.00579198225318915,0.038442660174986966,26
Edge58,0.018818880414170073,0.006269397799638641,0.00834163422226107,0.030563369232582405,26
Edge163,0.018701687757683372,,0.018701687757683372,0.018701687757683372,26
Edge126,0.01863899658451413,0.0014098745251948776,0.01764206474712667,0.019635928421901594,26
Edge230,0.018466566928799073,0.006857602917733111,0.008396720999983653,0.027821112919852637,26
Edge59,0.01845224754991181,0.011366134476131875,0.007107939936650271,0.02984008386270804,26
Edge188,0.018374245008380835,0.007880340909145698,0.010190571930422191,0.030586401096137708,26
Edge305,0.018333186109157924,0.004813387023630245,0.011364493540843557,0.024907758031789153,26
Edge70,0.017951602670890222,0.008445728639299654,0.004675583361540152,0.04454415588921746,26
Edge5,0.017772872410785675,,0.017772872410785675,0.017772872410785675,26
Edge318,0.017602181030013538,0.0056587483293588535,0.01132604546810255,0.03256761205589528,26
Edge132,0.017475885851280158,0.006748028441026129,0.005409738230288647,0.025061847659810732,26
Edge11,0.01727052837883946,0.005042344567944254,0.013628534162453305,0.02467734445681743,26
Edge86,0.01703735983478223,0.009311402217680124,0.009177834196649434,0.0318470760382437,26
Edge147,0.016917871786746738,0.009703825863788837,0.005183284088164103,0.04086986091641768,26
Edge316,0.016802305600124332,0.00813565757157258,0.0054533552086217085,0.03406577897534753,26
Edge150,0.01680199649309947,0.0025481467948427565,0.015000184615007389,0.01860380837119155,26
Edge48,0.01625961443086806,0.005387216154864241,0.011972847191154441,0.025334766406692313,26
Edge133,0.01601646191709423,0.004631081443972572,0.007698128745862698,0.022512241988553738,26
Edge71,0.015839783023429824,,0.015839783023429824,0.015839783023429824,26
Edge127,0.01577626010346207,0.005589330610204002,0.008523600628485199,0.021125097440168935,26
Edge281,0.015686867494073425,0.005453546479765913,0.010648100610881348,0.021477227919630415,26
Edge131,0.01537652472182728,0.006613083256368563,0.004700452352001672,0.027651305327519582,26
Edge35,0.015029881921170093,,0.015029881921170093,0.015029881921170093,26
Edge270,0.014948446013743916,0.003071799301637703,0.012776355897111796,0.01712053613037604,26
Edge265,0.01479391381802582,,0.01479391381802582,0.01479391381802582,26
Edge317,0.014633873686783132,0.006406406374855328,0.005552074646763447,0.026004225054994355,26
Edge7,0.014542585768344527,,0.014542585768344527,0.014542585768344527,26
Edge103,0.013438309475902402,0.0055886685544674075,0.008651694775674505,0.023813343649326923,26
Edge209,0.01338082338094836,0.006507291939267124,0.008779473123532016,0.017982173638364702,26
Edge156,0.013373900445544719,0.00841458350427671,0.006656301474270729,0.03131636542868847,26
Edge60,0.013239865979039669,0.005202512641706373,0.007076313140305407,0.020870002123490865,26
Edge258,0.012978676432185553,,0.012978676432185553,0.012978676432185553,26
Edge187,0.01293752454159881,,0.01293752454159881,0.01293752454159881,26
Edge109,0.011713491439640728,,0.011713491439640728,0.011713491439640728,26
Edge92,0.011568787768220888,,0.011568787768220888,0.011568787768220888,26
Edge22,0.010715719520161109,,0.010715719520161109,0.010715719520161109,26
Edge169,0.009962102434181193,0.005508487502852374,0.0037766250773913603,0.018792158607261474,26
Edge185,0.009757812607171111,0.004491806030251052,0.004377513469231649,0.017005646878453094,26
Edge202,0.009692019783763734,0.005602162715619301,0.0039567821352388625,0.024598767668975306,26
Edge64,0.009211533196954873,0.0005833756937515232,0.008604919353211416,0.010127146171832765,26
Edge231,0.00835097584682268,,0.00835097584682268,0.00835097584682268,26
Edge32,0.008076778302499941,,0.008076778302499941,0.008076778302499941,26
Edge90,0.006936296590263203,,0.006936296590263203,0.006936296590263203,26
Edge123,0.006274319475468902,,0.006274319475468902,0.006274319475468902,26
Edge218,0.09970686739962811,0.03464057408208851,0.05529673417099118,0.1357684156943715,27
Edge20,0.0952576684571622,,0.0952576684571622,0.0952576684571622,27
Edge134,0.06275733528043692,,0.06275733528043692,0.06275733528043692,27
Edge4,0.0616860556572335,0.028505700767111772,0.019304615937135502,0.1107934754001784,27
Edge6,0.05765723290532848,0.025162960055047368,0.027444589795791938,0.12284477204439613,27
Edge251,0.055766689154773806,0.03817580797463346,0.009662195896740965,0.16121733982630385,27
Edge204,0.05453413601556994,0.029590924989874607,0.015046783963059958,0.17822854375344221,27
Edge116,0.0536236264797173,0.01721956785428461,0.020615710145144343,0.10401123306962921,27
Edge74,0.05259523807349211,0.03520317807691141,0.01217657321581919,0.18461715924750444,27
Edge139,0.050725699076555344,0.02444329111243421,0.028372588140785856,0.08729900799769577,27
Edge259,0.04978777907928845,0.016642909287764178,0.027305335830811652,0.08870479598358663,27
Edge80,0.049725946378780805,0.027469480584676183,0.01085759393914303,0.12032245786729459,27
Edge294,0.04901875498166191,,0.04901875498166191,0.04901875498166191,27
Edge117,0.04875092098113292,0.028421993591330092,0.011856081915025027,0.12889801998676848,27
Edge112,0.0486636063765164,0.015677976052764348,0.016337229426587167,0.06391518613712177,27
Edge300,0.048139171202514125,0.022506352986190425,0.018143774955216154,0.08009087715509976,27
Edge149,0.04708164146787311,,0.04708164146787311,0.04708164146787311,27
Edge323,0.046963981605869586,0.01871254793793155,0.009641132114006015,0.1115717573994349,27
Edge260,0.04650665169786076,0.027511388822811678,0.01167281912768914,0.15191938322781393,27
Edge89,0.04629966714579371,,0.04629966714579371,0.04629966714579371,27
Edge249,0.045926304659553295,0.02322600289650876,0.019134430003354817,0.060368090855102134,27
Edge268,0.04590080413672216,0.02702857649881477,0.021935177848939412,0.08215942551698847,27
Edge54,0.0432688761380956,0.02952972757742994,0.00836240742894947,0.12005377808142546,27
Edge232,0.04214676517594251,0.024652501529225834,0.005549978079231717,0.11413063166269632,27
Edge14,0.041454701096846916,0.0047650856627059176,0.03808527671181276,0.04482412548188106,27
Edge136,0.04070949544796701,0.018581336447196527,0.01662984127345846,0.08331766443515716,27
Edge201,0.04040532922586575,0.01970703935765635,0.0063603356678776195,0.09920436009243691,27
Edge247,0.04019958752169117,0.03236811056615995,0.017311877046163528,0.06308729799721881,27
Edge178,0.04000384188297119,0.014712879641393048,0.014683747833851218,0.06846478121284413,27
Edge277,0.038456498610398494,,0.038456498610398494,0.038456498610398494,27
Edge206,0.038052981964306815,,0.038052981964306815,0.038052981964306815,27
Edge280,0.03802426918325503,0.01678468191212189,0.021412842670601815,0.07150371235514777,27
Edge1,0.036900607969825854,0.021370603770186607,0.0005849753694581281,0.07805513835781881,27
Edge49,0.03615161054975136,0.014481304809886117,0.02025447872235396,0.06723163935996995,27
Edge145,0.03564349452266087,,0.03564349452266087,0.03564349452266087,27
Edge67,0.035277897254268595,,0.035277897254268595,0.035277897254268595,27
Edge34,0.035012024684768384,0.005480857505121714,0.02918261848677888,0.04197545742059782,27
Edge153,0.034906321804151194,0.01794787814628108,0.016892732551616017,0.05219360474536549,27
Edge68,0.03482926222865563,0.015686824095967687,0.01201465492581416,0.09086192505531289,27
Edge181,0.03478910390397045,,0.03478910390397045,0.03478910390397045,27
Edge284,0.03463487615973113,0.01653781466570353,0.011553604638759615,0.06370929988189705,27
Edge41,0.03426534141898352,0.020752616874382967,0.014231821129283655,0.07623475760416917,27
Edge76,0.034037747015454395,0.022886647631584302,0.007135123359985391,0.09918184189921746,27
Edge301,0.033760238086389706,0.017471451994907513,0.012049334859072511,0.07500888807529013,27
Edge39,0.03335433876985603,0.014611267148735806,0.012337359297895357,0.07430840992571873,27
Edge257,0.03313454671482448,0.022339030521674418,0.017338466747815237,0.04893062668183372,27
Edge135,0.03248828621714466,0.021512773697292088,0.002829814262908647,0.06738361664955221,27
Edge10,0.0323683671063407,0.01412540136606178,0.01052217360523681,0.04712139044415174,27
Edge79,0.03170984411603116,0.019449440444529464,0.01418410306698314,0.06299959836895155,27
Edge65,0.03097726999099175,,0.03097726999099175,0.03097726999099175,27
Edge238,0.03024900531617581,0.014948583588448656,0.013840360204910852,0.050172101315354656,27
Edge165,0.030005668240476218,0.015968956000456155,0.008768855497663737,0.06781742432268303,27
Edge306,0.02973133718447922,0.00402621101318554,0.026884376074567767,0.03257829829439068,27
Edge311,0.02896841228363194,0.004629955400548342,0.024442077908624224,0.03369546052656124,27
Edge40,0.028692445406492587,0.014986803742418894,0.01809517485191626,0.039289715961068915,27
Edge179,0.028569776135973834,0.011727751799891556,0.008918112044656685,0.04364167217208397,27
Edge28,0.028131368601735315,0.008322748222221983,0.016919391368877885,0.036108037744981655,27
Edge93,0.028103076522861453,,0.028103076522861453,0.028103076522861453,27
Edge203,0.027912782200637896,,0.027912782200637896,0.027912782200637896,27
Edge118,0.027570845484036367,,0.027570845484036367,0.027570845484036367,27
Edge290,0.026919689546374588,0.013147528769527041,0.010139211317088781,0.047839201801867015,27
Edge269,0.02686182796662801,0.013109379068859886,0.009867284402357101,0.04139159226967475,27
Edge130,0.026521909363508372,0.006151313914503845,0.02217227358135554,0.03087154514566121,27
Edge98,0.026361062099850424,,0.026361062099850424,0.026361062099850424,27
Edge75,0.026155217722763583,0.011126464634508877,0.010411447399846837,0.04910328440802199,27
Edge189,0.026103188280614774,,0.026103188280614774,0.026103188280614774,27
Edge266,0.025864542444591958,0.013601622825782247,0.007314762729507637,0.06119580120138883,27
Edge211,0.02568251520388252,,0.02568251520388252,0.02568251520388252,27
Edge21,0.025549823694060978,0.011827680668015527,0.010150233521232161,0.0632185235785416,27
Edge315,0.025416573340055808,0.006983729814993527,0.020478330629899212,0.030354816050212403,27
Edge115,0.025125022147971444,0.0057073868828081045,0.015334835021954202,0.03331885347910917,27
Edge254,0.024957493243384785,0.016529188249848368,0.005370061199100172,0.04265670832105469,27
Edge111,0.024927033394864833,0.019780434132143185,0.013489956756092093,0.04776750305756596,27
Edge197,0.02458496281689939,,0.02458496281689939,0.02458496281689939,27
Edge119,0.024056274195493443,,0.024056274195493443,0.024056274195493443,27
Edge321,0.023863127661450156,0.007361880655257738,0.018657491927831348,0.029068763395068968,27
Edge191,0.02377553174221779,0.011577306717656843,0.010776649770456859,0.04260714233207405,27
Edge140,0.023509306654675675,0.006594595128022327,0.01480976522622125,0.032756722645834575,27
Edge164,0.023461834869615353,0.0022338506265430426,0.021882263943428952,0.025041405795801757,27
Edge296,0.023460563219061592,0.009259035975923424,0.01121644946273233,0.04471892281558779,27
Edge171,0.02332639551495651,0.01193843481230557,0.005396716520703489,0.0597145440319567,27
Edge18,0.023318077078093344,0.005155695140988999,0.020060468377477197,0.030895665061569176,27
Edge69,0.023166514756708955,0.009979298386471491,0.009820016629531908,0.039282493543300614,27
Edge168,0.022920393143535417,0.007923638189924231,0.01012167325751957,0.03679754138226342,27
Edge52,0.022286247604522406,8.14444909764232e-05,0.02222865765266269,0.02234383755638212,27
Edge126,0.02223125851189811,0.003569856501425113,0.01970698877187753,0.02475552825191869,27
Edge24,0.02220032569430764,0.0012139238930673072,0.0207299111509403,0.023529557941816406,27
Edge175,0.022119013932387525,0.010078814172731222,0.008476447772657571,0.04456821559880758,27
Edge101,0.02210908151071038,0.011664338414855625,0.00699254578728736,0.055727627106975014,27
Edge170,0.02207105011686592,0.009617711505266914,0.012265589626625155,0.03872306169667824,27
Edge227,0.022025375643355372,0.013130625228753315,0.012740621502884743,0.031310129783826,27
Edge224,0.021448294498834765,0.0013205874502373357,0.02051449815762209,0.022382090840047435,27
Edge194,0.021185233289437777,0.0033672638641965846,0.018804218177019952,0.0235662484018556,27
Edge71,0.02067933951506776,,0.02067933951506776,0.02067933951506776,27
Edge152,0.020634075739633002,0.011036652787330386,0.0065431460234147585,0.05505236592403538,27
Edge132,0.02053184447095102,0.005194686545729404,0.0122642994982548,0.027361512653608908,27
Edge86,0.020394910585704897,0.009236563044536657,0.007631534002218817,0.030647057347255483,27
Edge244,0.020316941079312062,0.005716225546862638,0.012156353336685891,0.027505354844735253,27
Edge320,0.019850327763214933,0.00874146225359528,0.01206898816960664,0.03590357893641241,27
Edge163,0.019686940818001077,,0.019686940818001077,0.019686940818001077,27
Edge70,0.019453312283194597,0.008649036467783889,0.006462080814986921,0.04532252746152673,27
Edge15,0.019377294753508134,,0.019377294753508134,0.019377294753508134,27
Edge325,0.019070285978489386,,0.019070285978489386,0.019070285978489386,27
Edge97,0.018968821784337488,0.011205652745580465,0.005701190418222743,0.04384338576588191,27
Edge216,0.01867124711283767,0.01376586226105717,0.005898744112532887,0.04817824230320004,27
Edge305,0.018629188346398495,0.008461771721369159,0.004709898005468358,0.029035903677042462,27
Edge5,0.018605774438832556,,0.018605774438832556,0.018605774438832556,27
Edge230,0.01856175959497426,0.006888755370519353,0.011353742045340762,0.03397746958603675,27
Edge58,0.018489108684580587,0.008692242350219426,0.005529868336199717,0.03530008784025805,27
Edge318,0.01828141272626011,0.006652334824484177,0.00784612410723337,0.03249372848056889,27
Edge45,0.018238033253920434,0.008132172833259163,0.003046616879497315,0.03499419096950906,27
Edge265,0.018189637989915415,,0.018189637989915415,0.018189637989915415,27
Edge147,0.01805647767832182,0.009806264132323075,0.005219664604653681,0.03870642706894547,27
Edge12,0.01801915121993762,,0.01801915121993762,0.01801915121993762,27
Edge295,0.017959138167826866,0.007905720643445868,0.007435426663766277,0.029980299643640636,27
Edge209,0.017708673869828304,0.003167968202303318,0.01546858207139627,0.019948765668260336,27
Edge233,0.017705495494907398,0.0013545235630360055,0.016679939877647473,0.01924097112779911,27
Edge316,0.016728777502208244,0.0090022913292797,0.0035282873183445484,0.041408185102034575,27
Edge11,0.016608916202781977,0.007070189819780788,0.007300158306822085,0.023998510008019065,27
Edge237,0.01655582005841335,,0.01655582005841335,0.01655582005841335,27
Edge127,0.016527401338037487,0.006089595332422273,0.0077484013807543215,0.024110649490882746,27
Edge263,0.016511959636279522,0.009805792260135827,0.008023538813922615,0.02569829097476463,27
Edge109,0.016402814824518514,,0.016402814824518514,0.016402814824518514,27
Edge60,0.016268029579276755,0.006249394169736148,0.010044725226324158,0.02502750354246026,27
Edge188,0.01607110802309218,0.004701179134793825,0.009469897422118753,0.021534957084089056,27
Edge59,0.01597679928232869,0.003966630261863164,0.012869313019229025,0.020444612158722286,27
Edge156,0.015712307484689426,0.007840535365351608,0.009215370670500756,0.03122978806337758,27
Edge133,0.015511374039813048,0.005161046138879449,0.005560740311217073,0.02455051985339527,27
Edge92,0.015102512903113019,,0.015102512903113019,0.015102512903113019,27
Edge317,0.014991857102421938,0.00702476994300099,0.004078021150989131,0.028538415206160284,27
Edge48,0.014861641051552372,0.006099575896108818,0.008145255801392396,0.02304068126266826,27
Edge270,0.014529773518323071,0.004204466328424542,0.011556766866223572,0.01750278017042257,27
Edge281,0.014280133500221415,0.0037727016850209803,0.010974847126848241,0.018390334315256798,27
Edge131,0.014003388837230618,0.007834002624903993,0.0023130875670403714,0.03362101179569089,27
Edge231,0.013535918331085634,,0.013535918331085634,0.013535918331085634,27
Edge7,0.013359222532635159,,0.013359222532635159,0.013359222532635159,27
Edge150,0.012939044545076004,0.008625462556718432,0.006839921480349744,0.019038167609802262,27
Edge103,0.012772348020189289,0.004729873171326203,0.008265213900361477,0.021234946125706276,27
Edge202,0.01176153163256508,0.005240382791353664,0.005293472462027096,0.02066573319932653,27
Edge169,0.011670666812532926,0.006163589142400398,0.005704134449315863,0.020233345674265817,27
Edge258,0.011422494699401282,,0.011422494699401282,0.011422494699401282,27
Edge185,0.01091378028793186,0.0055838356842831645,0.002129888098278903,0.02073750631730247,27
Edge114,0.010791185264715591,,0.010791185264715591,0.010791185264715591,27
Edge90,0.010595681749834163,,0.010595681749834163,0.010595681749834163,27
Edge35,0.010323981129027776,,0.010323981129027776,0.010323981129027776,27
Edge123,0.010314754062579739,,0.010314754062579739,0.010314754062579739,27
Edge187,0.010206277181542408,,0.010206277181542408,0.010206277181542408,27
Edge64,0.009618623550177594,0.0017380611619136617,0.006965640249031731,0.011137022515330063,27
Edge22,0.006191373075153408,,0.006191373075153408,0.006191373075153408,27
Edge32,0.005912096070108671,,0.005912096070108671,0.005912096070108671,27
Edge20,0.10907479880864318,,0.10907479880864318,0.10907479880864318,28
Edge218,0.10056971934506626,0.028107219994068566,0.06433917250630884,0.12940428457406286,28
Edge4,0.062194972461146726,0.028127529892234455,0.01667451653120297,0.10983536600418244,28
Edge251,0.05863869332352756,0.03787312876102116,0.009790198500625949,0.16041985461454247,28
Edge6,0.05803807527139609,0.02591411419234306,0.02766775917026787,0.12759393587425755,28
Edge204,0.05462400837840086,0.029682369097797735,0.022034229098296523,0.18430360756157052,28
Edge74,0.054402044495686516,0.035616871596870735,0.015334392813556596,0.18453149500157048,28
Edge116,0.05392206034820729,0.018874754725923763,0.019012446275848367,0.10553437229793283,28
Edge112,0.05242099291458114,0.01409424581041421,0.023680571196633443,0.06561791431544713,28
Edge139,0.050941679384407426,0.02339975720506147,0.026895927394026575,0.08967967374424296,28
Edge268,0.05012924520550974,0.022703799179144467,0.030355623174099684,0.08140245702575567,28
Edge294,0.04991345861768227,,0.04991345861768227,0.04991345861768227,28
Edge259,0.04973592414047525,0.017740687561112033,0.022164286820513985,0.08942338329504397,28
Edge80,0.04896300924543172,0.026341505208132516,0.015991276857161094,0.10186248075278614,28
Edge117,0.048369099384537144,0.027618217318473245,0.011604063658797405,0.12102364020859632,28
Edge260,0.04676498054634951,0.02604693833070973,0.016807953394832126,0.15929348452308675,28
Edge134,0.04669894204956193,,0.04669894204956193,0.04669894204956193,28
Edge149,0.04669408683409549,,0.04669408683409549,0.04669408683409549,28
Edge89,0.04611079270937006,,0.04611079270937006,0.04611079270937006,28
Edge323,0.046024066612369276,0.01795855778682593,0.00798036842846898,0.11080604880874372,28
Edge300,0.04545174082268034,0.019406758597386522,0.013595673606417977,0.07113174807579202,28
Edge54,0.04525534674634595,0.030249776883801552,0.012280823567193178,0.12950669974984025,28
Edge249,0.04425375154671112,0.016913237623177417,0.024782492725925524,0.05529711443474696,28
Edge232,0.042910274548764504,0.025287358265505395,0.014493128547361605,0.11477587261009854,28
Edge201,0.0417977487961879,0.021300492932225686,0.007195640488674032,0.10214088496793151,28
Edge280,0.04083530232291352,0.01939269213249413,0.020530289156339664,0.08171954846707916,28
Edge178,0.04053456029449381,0.01585765204661074,0.013235184154158645,0.07421456589390844,28
Edge277,0.04038999401354711,,0.04038999401354711,0.04038999401354711,28
Edge136,0.040380548073627606,0.020683901599923893,0.014072935781296836,0.08863724146408375,28
Edge14,0.039999973762696595,0.0046855139686233825,0.03668681506213871,0.04331313246325448,28
Edge247,0.03969013561944672,0.04118338184729313,0.010569087043030783,0.06881118419586266,28
Edge1,0.038563806727520744,0.02218110839051388,0.003685942308491329,0.08106887126464316,28
Edge65,0.03733815374408649,,0.03733815374408649,0.03733815374408649,28
Edge67,0.037195078359661966,,0.037195078359661966,0.037195078359661966,28
Edge145,0.0364389627245908,,0.0364389627245908,0.0364389627245908,28
Edge76,0.03604020391174968,0.022890367394023732,0.005578579927813018,0.10358425957932153,28
Edge311,0.03565313350856055,0.0030597968548432175,0.032120234668781916,0.03745599904887107,28
Edge41,0.03557336436230259,0.02059747153380737,0.01891780443319132,0.08126412735106496,28
Edge181,0.03431685848872635,,0.03431685848872635,0.03431685848872635,28
Edge68,0.03397611812793671,0.015423577722675464,0.013451756741372398,0.09523951297030317,28
Edge284,0.03368036827909551,0.01516774559727931,0.010119048787999851,0.06092866236353625,28
Edge39,0.03356812014412518,0.013051041196694068,0.00920871255941759,0.0734649130562918,28
Edge153,0.03309665229674712,0.019522380797872076,0.01593306537624204,0.05833558174445883,28
Edge49,0.033079889771934795,0.014859370625011385,0.018290141282232535,0.06979137634529463,28
Edge34,0.032744175303016945,0.00509937183992927,0.027364128765593097,0.039301179028258096,28
Edge79,0.03188399032433633,0.017375028148238124,0.016792769749113572,0.059801355468426326,28
Edge301,0.03149116326827294,0.016064643251210556,0.007732833059682153,0.060259947071423466,28
Edge206,0.03090979794006887,,0.03090979794006887,0.03090979794006887,28
Edge135,0.03083594959938518,0.021779297517609056,0.004706738485615928,0.06601177508385916,28
Edge10,0.02927737009605874,0.016193883260782124,0.005917922013801654,0.049075233482798374,28
Edge254,0.02924959521822764,0.021652113626752643,0.009030872187279139,0.060299217762890975,28
Edge257,0.02908403031659116,0.021680592088291883,0.01375353663082056,0.04441452400236176,28
Edge238,0.028639299295593317,0.01202818037075776,0.011641459848883776,0.04239452911728345,28
Edge269,0.028606189662582424,0.01573406421075968,0.012240174561711805,0.049217634812647466,28
Edge118,0.028481092192461203,,0.028481092192461203,0.028481092192461203,28
Edge71,0.028230272507733956,,0.028230272507733956,0.028230272507733956,28
Edge28,0.02814013194810766,0.014535725020950047,0.011316246836588368,0.04518319095233985,28
Edge40,0.027827400912639244,0.007961961234928542,0.022197444131876853,0.033457357693401635,28
Edge290,0.027457611555854793,0.0128455447961531,0.011531684865976152,0.05024276661234454,28
Edge165,0.027272914998008164,0.013663848526557795,0.006162278363528812,0.0660481027953166,28
Edge211,0.027205821782368463,,0.027205821782368463,0.027205821782368463,28
Edge130,0.026740250752454203,0.007383903754449374,0.021519042336054246,0.031961459168854164,28
Edge321,0.026444256068406245,0.007070080796369459,0.021444953993756614,0.031443558143055876,28
Edge12,0.02637482341955018,,0.02637482341955018,0.02637482341955018,28
Edge296,0.025956184095805624,0.010026051661890021,0.011606094459897761,0.0428998793560784,28
Edge266,0.025829354120959477,0.013987715373730274,0.010792020518862555,0.06677711365108627,28
Edge164,0.02579600007018932,0.002443627272070997,0.024068094655415533,0.027523905484963106,28
Edge111,0.025745428458002217,0.013826580861060901,0.014913842267093679,0.041319070427560944,28
Edge179,0.025735652734354655,0.008723939519111084,0.01251655664840066,0.03600998064355906,28
Edge227,0.02542698127739418,0.01491527107099487,0.014880291959858166,0.03597367059493019,28
Edge98,0.025298174852467666,,0.025298174852467666,0.025298174852467666,28
Edge189,0.025261476147204285,,0.025261476147204285,0.025261476147204285,28
Edge171,0.025085191792198064,0.012295963082682411,0.007884147967000783,0.06772575322363857,28
Edge163,0.025008429062298016,,0.025008429062298016,0.025008429062298016,28
Edge15,0.0249679584117129,,0.0249679584117129,0.0249679584117129,28
Edge126,0.024955356881083093,0.004959508843054734,0.02144845454680444,0.028462259215361742,28
Edge197,0.02477579515853089,,0.02477579515853089,0.02477579515853089,28
Edge75,0.024762727775737767,0.01185486675557192,0.007988448809225447,0.05574017965673978,28
Edge24,0.02466133406799875,0.003356278283946784,0.019956489569288763,0.027293471965066287,28
Edge306,0.02464359409142961,0.007742989102407132,0.019168473990463987,0.030118714192395233,28
Edge52,0.024604669355948912,0.009823164029643146,0.01765864345788047,0.03155069525401735,28
Edge233,0.024406118310655294,0.007659956419293503,0.018653525838337653,0.03310097899442931,28
Edge115,0.02439026533747801,0.007956846287403771,0.013258642844916296,0.03778230497680327,28
Edge21,0.02419526992959019,0.011345667043248934,0.009843111962489512,0.05859369698762704,28
Edge191,0.02373148862182255,0.012223742376036673,0.006483147668258082,0.03930448397509586,28
Edge114,0.023546405203939132,,0.023546405203939132,0.023546405203939132,28
Edge315,0.0232762238098837,0.007998846792369799,0.01762018500132675,0.02893226261844065,28
Edge203,0.023034316067992715,,0.023034316067992715,0.023034316067992715,28
Edge168,0.0220062566917142,0.009621665845408862,0.009028318242998651,0.0391981646806599,28
Edge69,0.021944194197073694,0.009503171134816673,0.007061024571513142,0.03354463155705368,28
Edge140,0.02184181041885026,0.00716921603349609,0.013553819319096843,0.035716247297850334,28
Edge244,0.02154813898256838,0.006719963156121554,0.010334383211001549,0.02973906086553817,28
Edge175,0.021434440507852107,0.01116847288085686,0.011163614962940814,0.048730760862438924,28
Edge170,0.021418043824830136,0.009136131986867059,0.01191414597190291,0.03737530014700361,28
Edge101,0.020882863887355444,0.01051757362712527,0.009347570491182714,0.04331716049876225,28
Edge325,0.020535435960316664,,0.020535435960316664,0.020535435960316664,28
Edge119,0.02040668620926598,,0.02040668620926598,0.02040668620926598,28
Edge237,0.020393746372312525,,0.020393746372312525,0.020393746372312525,28
Edge93,0.02031010821395984,,0.02031010821395984,0.02031010821395984,28
Edge97,0.01998670885098797,0.009770868922355036,0.0034467120181405895,0.03910623292373576,28
Edge320,0.01992245821980089,0.007745115117879839,0.009305238821752194,0.03292206009310765,28
Edge152,0.019914655028432787,0.0117757790964214,0.004482110347887283,0.059674726933922166,28
Edge147,0.019765849578301468,0.011121677960322545,0.007656651314314451,0.039415175749958536,28
Edge18,0.019526399144441188,0.006499812239493967,0.014792348866357476,0.029088918151627677,28
Edge224,0.019406431913162926,0.003924246374047791,0.01663157069102701,0.02218129313529884,28
Edge216,0.01921050418108699,0.012176828689677325,0.008103191361223694,0.04731135412899211,28
Edge86,0.01918922101602184,0.010230043918124291,0.007698873933228979,0.03157141139893749,28
Edge58,0.019009419856639266,0.008765397662161991,0.007474099738751576,0.033045208639372575,28
Edge11,0.0186641666470482,0.00953025127656604,0.005325869724421236,0.026944193300314327,28
Edge45,0.018162572738514914,0.006499040200187939,0.003657495762010813,0.03010087525587221,28
Edge305,0.01767327971343018,0.00788724248641113,0.00859847018000114,0.03186742338683487,28
Edge70,0.017624960719878176,0.008256889683530822,0.003703578025237508,0.04210636832070631,28
Edge263,0.017577319412104234,0.013415447502567329,0.005687565553199729,0.03131953866527897,28
Edge132,0.017366261793780507,0.00795853001723894,0.007100221030045067,0.026624097538976335,28
Edge316,0.01696206034445004,0.007808782960907323,0.006357774196602472,0.03512823215455273,28
Edge318,0.016885038734822926,0.005291604992683175,0.010538355923414405,0.03242659093072263,28
Edge281,0.016872776188999183,0.0026446763961919147,0.015317463674177221,0.019926408166074872,28
Edge127,0.016793656698577783,0.0071558607311556065,0.008797182106310185,0.02652405585089118,28
Edge59,0.016779907748928985,0.007274024767733325,0.008598162001887042,0.022515686005646404,28
Edge48,0.016349217507436488,0.006359833851006659,0.009894136085077488,0.026667368547890546,28
Edge230,0.01610388032751822,0.006302046413850943,0.009287076398122814,0.029376656484953044,28
Edge188,0.016097553284895885,0.006361816789045557,0.008803930529955453,0.025136185032183976,28
Edge295,0.016065914825446413,0.007101272842160612,0.01026680927958748,0.02913535745308105,28
Edge133,0.01592041841939263,0.005287078868816049,0.00523637646775585,0.022953765863936403,28
Edge35,0.015893639055817237,,0.015893639055817237,0.015893639055817237,28
Edge265,0.015868125561831613,,0.015868125561831613,0.015868125561831613,28
Edge194,0.01579607481389361,0.006490696754585086,0.01120645912410098,0.02038569050368624,28
Edge209,0.015700354817472506,0.006907600975467594,0.010815943325988559,0.02058476630895645,28
Edge317,0.015212427884286282,0.005630844090838401,0.007572473943188949,0.02655064205486129,28
Edge5,0.014644576035163491,,0.014644576035163491,0.014644576035163491,28
Edge131,0.01459775003002846,0.006277737807726677,0.0048763367063390465,0.026445063820682367,28
Edge60,0.013717334166145812,0.007492955311284386,0.005763632411448211,0.024390171821672885,28
Edge231,0.013613908852887845,,0.013613908852887845,0.013613908852887845,28
Edge187,0.013550809673972226,,0.013550809673972226,0.013550809673972226,28
Edge156,0.013414848347428779,0.006836169138686182,0.006027122634533002,0.02709903965815385,28
Edge103,0.01254300433783926,0.006741829186803774,0.005040691664867347,0.023945645352084433,28
Edge150,0.012370130899140814,0.0059766491988093385,0.008144001721889586,0.016596260076392044,28
Edge270,0.011949734139406417,0.00364068289244528,0.009375382578008505,0.014524085700804329,28
Edge90,0.011632791537549179,,0.011632791537549179,0.011632791537549179,28
Edge202,0.011298646830219609,0.008072720362567705,0.0022822350886867017,0.026806791564140512,28
Edge32,0.011152644463150025,,0.011152644463150025,0.011152644463150025,28
Edge92,0.010670579515102741,,0.010670579515102741,0.010670579515102741,28
Edge185,0.010120015300941644,0.003321333122163251,0.006711660302598098,0.017659405050886475,28
Edge169,0.009988269558123607,0.006093858029655044,0.00395186004295677,0.02229908715296539,28
Edge7,0.009802142971058844,,0.009802142971058844,0.009802142971058844,28
Edge258,0.009747283462842567,,0.009747283462842567,0.009747283462842567,28
Edge64,0.00973482734593977,0.00522343726242677,0.0031360595887832037,0.01709855541061529,28
Edge109,0.008866389299263654,,0.008866389299263654,0.008866389299263654,28
Edge22,0.008225331344849204,,0.008225331344849204,0.008225331344849204,28
Edge123,0.00592619983215475,,0.00592619983215475,0.00592619983215475,28
Edge20,0.1036715438231556,,0.1036715438231556,0.1036715438231556,29
Edge218,0.09796714959499367,0.032048578967253785,0.05834343336965978,0.13228235281467132,29
Edge4,0.06287283627780234,0.029854427951077362,0.013546098430225072,0.11804375697689039,29
Edge6,0.059187478238353894,0.024532819068168284,0.027580192732036903,0.12706823086180488,29
Edge134,0.05780422521909557,,0.05780422521909557,0.05780422521909557,29
Edge251,0.05774254836190512,0.03736098180203978,0.010998458704041873,0.15606210786764094,29
Edge149,0.056664588155230906,,0.056664588155230906,0.056664588155230906,29
Edge204,0.05456536679810685,0.029607661684221288,0.02274391673324912,0.18304812576080595,29
Edge74,0.05400958688325709,0.035141230923600775,0.012371948529556294,0.18785043981378693,29
Edge294,0.053330418684329695,,0.053330418684329695,0.053330418684329695,29
Edge116,0.05312924597858828,0.018570398118647292,0.013814152982806586,0.10904060825521925,29
Edge112,0.05126049511704071,0.017334682901220044,0.020217631889564085,0.07766472495245581,29
Edge259,0.050405462221609236,0.018723272156001055,0.01822619442376759,0.08887910082355618,29
Edge139,0.0496172956019931,0.02108693100296288,0.022151618772844092,0.08336476943778838,29
Edge268,0.04886150712711344,0.027666673408289405,0.02543007825506987,0.08390087085734647,29
Edge117,0.04836405807575995,0.028207986301901758,0.011753394830796324,0.12681810704674573,29
Edge80,0.04835872590449706,0.026717584906717974,0.00897863558486249,0.11097073519900025,29
Edge323,0.048284137347589524,0.017524812414014174,0.011016451902912703,0.10967460383338085,29
Edge300,0.04703167229728114,0.01924010973900593,0.015460250743205015,0.07304273166453508,29
Edge260,0.04668176607484174,0.029725674042391764,0.018080953858464508,0.1770437236243654,29
Edge249,0.0466169567147772,0.018617709924908448,0.0258001422729454,0.061674482155182876,29
Edge277,0.045681676072145606,,0.045681676072145606,0.045681676072145606,29
Edge67,0.04542504130956103,,0.04542504130956103,0.04542504130956103,29
Edge14,0.04472255169993618,0.0008598044050107239,0.044114578174659025,0.045330525225213324,29
Edge89,0.04457966372539571,,0.04457966372539571,0.04457966372539571,29
Edge232,0.043455621039957114,0.026330019563416452,0.00900333367569363,0.1256860196176755,29
Edge54,0.04342121733754177,0.029558021352792323,0.012634745661496397,0.12670481599145134,29
Edge201,0.04135447502680195,0.02034117394817646,0.008213317825993148,0.10287559044611296,29
Edge178,0.0406471645465865,0.01854343279982225,0.015118629058612568,0.0839961842276623,29
Edge136,0.03976436134608129,0.01866977588043136,0.01093859222909981,0.08368778573069964,29
Edge280,0.03875447296916941,0.021126555149213088,0.017566341456259096,0.08489138337958539,29
Edge1,0.036771197067899344,0.021039517980549365,0.006683349491963793,0.07662335737952881,29
Edge257,0.03627187104267127,0.02491041893073412,0.018657544894551435,0.053886197190791116,29
Edge76,0.035442311591745754,0.024562856142382284,0.0024545044909715513,0.11570650345336053,29
Edge34,0.035371573557348365,0.010459351532936355,0.023552065893665465,0.04858183209981773,29
Edge145,0.034871570612754796,,0.034871570612754796,0.034871570612754796,29
Edge68,0.034600360548048346,0.015393879480059899,0.010743030603442285,0.09899433887961707,29
Edge247,0.03453350075654791,0.03429798551460598,0.010281162618132045,0.05878583889496378,29
Edge49,0.033905571163985564,0.01409405510608836,0.016639100178523988,0.06356128281746987,29
Edge284,0.03369027655952013,0.014960522844852548,0.012536339245928108,0.0670616776931915,29
Edge41,0.03358571926261349,0.019522178081778144,0.014378805407904625,0.07209143232099158,29
Edge65,0.0332683557262273,,0.0332683557262273,0.0332683557262273,29
Edge39,0.033135705895447586,0.014272498972489151,0.008553190129294657,0.07301349453284457,29
Edge206,0.03289801174109391,,0.03289801174109391,0.03289801174109391,29
Edge301,0.03239379014333819,0.016893532584332075,0.014742375106482583,0.06837648340520279,29
Edge181,0.032225584330953405,,0.032225584330953405,0.032225584330953405,29
Edge135,0.031296816155060005,0.02177736347239914,0.005462579980779305,0.06587635031211898,29
Edge153,0.03085063591783678,0.01600894165067721,0.015298097081115554,0.04972669524918024,29
Edge238,0.03081168400874277,0.011292171804811678,0.014366368112789818,0.042763381504503116,29
Edge311,0.03056410031574619,0.006904211858430849,0.02282951179713942,0.03610478834878437,29
Edge111,0.030548499669034748,0.016250427476688478,0.019639470591101642,0.04922501128135294,29
Edge10,0.030027146297637527,0.01360242843867318,0.0074582580940648815,0.04512608226456478,29
Edge93,0.029998532888083046,,0.029998532888083046,0.029998532888083046,29
Edge79,0.029888578246430975,0.014063384106519692,0.01024007620262561,0.04949386970527104,29
Edge28,0.029153960276600853,0.013583867753537414,0.013921901652527902,0.04540236055507422,29
Edge165,0.0289442563641334,0.013402787816743264,0.008831174158757133,0.06631942090383441,29
Edge179,0.028595015496180473,0.008492183617375961,0.014071328011097726,0.03755163257077311,29
Edge126,0.0280252400352606,0.006499574871360776,0.02342934656889171,0.032621133501629485,29
Edge40,0.02789021545691662,0.0038017032426383565,0.02520200531398815,0.03057842559984509,29
Edge306,0.027844566484439462,0.006234501589054752,0.023436108133500538,0.03225302483537838,29
Edge197,0.027726514967468873,,0.027726514967468873,0.027726514967468873,29
Edge254,0.027548250178045935,0.01889831739198472,0.011420727955107401,0.05430399219317506,29
Edge290,0.026594061135173135,0.013372139380646096,0.01145428811421387,0.051249921485396595,29
Edge203,0.026550623014705187,,0.026550623014705187,0.026550623014705187,29
Edge15,0.026277620171500028,,0.026277620171500028,0.026277620171500028,29
Edge75,0.026273110850948137,0.012757495464924919,0.011404749533590688,0.05148372760318307,29
Edge266,0.02608620318342603,0.014469246126219517,0.008678215702871512,0.07781143555440251,29
Edge321,0.02533659111349141,0.009096437290011042,0.018904438621086418,0.0317687436058964,29
Edge164,0.02527569974195736,0.0016167412159814542,0.024132491064713088,0.02641890841920163,29
Edge296,0.024651767993577576,0.009064490511243448,0.01489323154148768,0.04371494965630561,29
Edge130,0.024487270283418745,0.007908474393351765,0.018895134411039547,0.030079406155797947,29
Edge171,0.02447771325630771,0.011507810305994548,0.006752207432693091,0.05467716370113313,29
Edge115,0.02430501884409106,0.007681703936324749,0.014105815662866138,0.03843892299878788,29
Edge189,0.024235611923845695,,0.024235611923845695,0.024235611923845695,29
Edge269,0.023982372430345462,0.011553922588398833,0.007587279850088565,0.03464046358159156,29
Edge52,0.023804096483363194,0.005147946997724078,0.020163948252083567,0.027444244714642817,29
Edge315,0.02375410211396973,0.00964462051763742,0.016934325543977398,0.03057387868396206,29
Edge21,0.023705593177862524,0.011229705948917283,0.009963316557834669,0.05582022047931711,29
Edge211,0.02361383472165677,,0.02361383472165677,0.02361383472165677,29
Edge98,0.023291618089652827,,0.023291618089652827,0.023291618089652827,29
Edge18,0.022899166682722353,0.005272880825111347,0.01606736842951556,0.028503206861837334,29
Edge118,0.022247117913357848,,0.022247117913357848,0.022247117913357848,29
Edge191,0.02210799403813503,0.010949142302517811,0.008642940030688162,0.03934606340159783,29
Edge12,0.022043813344336534,,0.022043813344336534,0.022043813344336534,29
Edge233,0.021929347499048523,0.005150681436584596,0.01892943819440003,0.027876765179222437,29
Edge101,0.02191137060282985,0.010922992611426464,0.011385366357655928,0.050499123590339264,29
Edge69,0.021781335239245365,0.007288824903184849,0.008820615670628336,0.03157130834971967,29
Edge168,0.021650718410318535,0.010458915855773803,0.008748575641714855,0.045913387052714534,29
Edge237,0.02144883020553939,,0.02144883020553939,0.02144883020553939,29
Edge224,0.021316402220319837,0.006359508886807225,0.016819550361442337,0.02581325407919734,29
Edge24,0.021141979679047847,0.0023476044408160812,0.018897779447382974,0.02397685550885904,29
Edge152,0.021135794225303168,0.012616825252082357,0.006800570022630111,0.06321609687352277,29
Edge244,0.020748491890729578,0.007748964770777018,0.007609378670922191,0.03298422160206606,29
Edge170,0.020638499083790042,0.011263995751443674,0.008032162414260443,0.038015440833850514,29
Edge140,0.020547822708211278,0.006455907491000339,0.01396401505467962,0.03373082983888287,29
Edge175,0.020418377349276748,0.010388677738803406,0.008736125188522343,0.04110761853653637,29
Edge194,0.020392951528875575,0.0062651509280612005,0.01596282082248631,0.024823082235264842,29
Edge97,0.019939419642732294,0.012068650402596992,0.00200268569641175,0.04750591452255955,29
Edge216,0.01967155717579931,0.013014087712304896,0.008956079364449062,0.04912593686345694,29
Edge58,0.019524380203431755,0.009291864920788805,0.007916504321155846,0.03524152341573387,29
Edge163,0.019251937066273345,,0.019251937066273345,0.019251937066273345,29
Edge305,0.019115171802469643,0.006064120520863048,0.008908469936312172,0.02457829526160179,29
Edge86,0.019107976356575598,0.009133914533611353,0.01163636344801515,0.03427569877034932,29
Edge114,0.018832838693040765,,0.018832838693040765,0.018832838693040765,29
Edge70,0.018714561257662077,0.008461240643356654,0.0012290606645445354,0.038851925701827016,29
Edge132,0.018683091677391333,0.007673787536959294,0.008505337339581325,0.02827709216264352,29
Edge127,0.01826925949233763,0.0070781622557388275,0.01059276697557399,0.029891770609723128,29
Edge320,0.018162606851477147,0.00784453158375859,0.010941650777880847,0.03265339362001608,29
Edge227,0.018046705590681028,0.011510110990578457,0.009907828057033191,0.02618558312432886,29
Edge147,0.01795194748203702,0.009748937029395964,0.006121317108817108,0.03896025488982703,29
Edge230,0.01776938657829145,0.004395069426551839,0.012040250782878691,0.02544977758310134,29
Edge318,0.017468743829841118,0.006461314819450388,0.010273287334324097,0.03620512053127097,29
Edge11,0.017394647392041405,0.004477917838861741,0.010829672721818997,0.02082452418712682,29
Edge45,0.017339990834180537,0.007896723324944625,0.005628928442405284,0.03671999413047657,29
Edge5,0.017227797888826182,,0.017227797888826182,0.017227797888826182,29
Edge325,0.017030776112623998,,0.017030776112623998,0.017030776112623998,29
Edge119,0.01694806500153485,,0.01694806500153485,0.01694806500153485,29
Edge281,0.01666746710573346,0.0033831745638398625,0.013893041854909883,0.020436442424006867,29
Edge295,0.01662577941654181,0.005429741578034331,0.011370655979913111,0.02573038088131457,29
Edge48,0.0166117657950849,0.008427473740634505,0.009290885628170474,0.030532267629920166,29
Edge188,0.016555718391146466,0.00984928307878055,0.00781793625728795,0.03215777535103765,29
Edge316,0.016319129786880274,0.007255009080687789,0.007866244811857126,0.036033345552870355,29
Edge317,0.01628147641508664,0.006041743550097601,0.007095503209672808,0.02844272990393653,29
Edge133,0.016244949205268044,0.004878247371177539,0.008102703966692186,0.02211950637577546,29
Edge59,0.01596549814884018,0.007615798295250827,0.009007491652355728,0.02410175304049889,29
Edge131,0.015323867244789152,0.008102809925803872,0.001387809721143055,0.028411002137418994,29
Edge263,0.014936800870525275,0.011899753826805241,0.003950746560289573,0.030407686878789746,29
Edge265,0.014679784580443923,,0.014679784580443923,0.014679784580443923,29
Edge270,0.014404153984653082,0.00332639510588806,0.012052037448373892,0.016756270520932273,29
Edge90,0.013661777257175567,,0.013661777257175567,0.013661777257175567,29
Edge71,0.013578606754039635,,0.013578606754039635,0.013578606754039635,29
Edge156,0.013483708563794886,0.0072244744336536345,0.002333173725741166,0.02562690854532109,29
Edge7,0.013080496274672686,,0.013080496274672686,0.013080496274672686,29
Edge60,0.011999728628211253,0.009278284474905677,0.0017871058982170084,0.026276898212711706,29
Edge103,0.011968796300292213,0.006581749305490561,0.004773784301840187,0.02231934302658688,29
Edge231,0.011906534226364692,,0.011906534226364692,0.011906534226364692,29
Edge202,0.011853231013642792,0.007987582952700686,0.005087914763159861,0.029740179585100068,29
Edge109,0.011403915289192344,,0.011403915289192344,0.011403915289192344,29
Edge209,0.01113712011990454,0.005406873576906162,0.007313883148655828,0.01496035709115325,29
Edge187,0.010611919667399905,,0.010611919667399905,0.010611919667399905,29
Edge64,0.010473433794668927,0.0034090811579906215,0.005919829516220901,0.014853011759057492,29
Edge92,0.010197140641879144,,0.010197140641879144,0.010197140641879144,29
Edge169,0.009923887774685603,0.0064336212967728386,0.0031633026688751282,0.021336624882308274,29
Edge150,0.009691768954548454,0.0048253226056467905,0.006279750618682868,0.01310378729041404,29
Edge32,0.009225406299119618,,0.009225406299119618,0.009225406299119618,29
Edge185,0.00831985709600147,0.0038301931118063606,0.0029836072778569277,0.013818181152882407,29
Edge258,0.008250321018585482,,0.008250321018585482,0.008250321018585482,29
Edge35,0.007512907849141215,,0.007512907849141215,0.007512907849141215,29
Edge123,0.006136435855672587,,0.006136435855672587,0.006136435855672587,29
Edge22,0.004941140661144018,,0.004941140661144018,0.004941140661144018,29
